project,bug_id,tests,buggy_result,buggy_fails,fixed_result,fixed_fails,verdict,lines,covered_lines,line_cov,branches,covered_branches,branch_cov,buggy_test_seconds,fixed_test_seconds,test_run_seconds,buggy_test_time_source,fixed_test_time_source
Chart,1,50,NOT_RUN,,NOT_RUN,,NOT_AVAILABLE,,,,,,,1.0,0.0,1.0,log_ant_total,log_ant_total
Chart,10,9,FAIL,1,FAIL,5,INCONCLUSIVE,3,3,100.0,0,0,,,,,,
Chart,11,16,NOT_RUN,,NOT_RUN,,NOT_AVAILABLE,,,,,,,0.0,0.0,0.0,log_ant_total,log_ant_total
Chart,12,28,NOT_RUN,,NOT_RUN,,NOT_AVAILABLE,,,,,,,1.0,0.0,1.0,log_ant_total,log_ant_total
Chart,13,17,NOT_RUN,,NOT_RUN,,NOT_AVAILABLE,,,,,,,1.0,0.0,1.0,log_ant_total,log_ant_total
Chart,14,31,NOT_RUN,,NOT_RUN,,NOT_AVAILABLE,,,,,,,0.0,0.0,0.0,log_ant_total,log_ant_total
Chart,15,36,FAIL,13,FAIL,13,INCONCLUSIVE,836,252,30.14,312,82,26.28,,,,,
Chart,16,66,PASS,0,PASS,0,NOT_REVEALING,188,177,94.15,128,113,88.28,,,,,
Chart,17,49,PASS,0,PASS,0,NOT_REVEALING,287,243,84.67,128,94,73.44,,,,,
Chart,18,70,FAIL,1,FAIL,3,INCONCLUSIVE,266,255,95.86,122,102,83.61,,,,,
Chart,19,29,NOT_RUN,,NOT_RUN,,NOT_AVAILABLE,,,,,,,0.0,0.0,0.0,log_ant_total,log_ant_total
Chart,2,94,NOT_RUN,,NOT_RUN,,NOT_AVAILABLE,,,,,,,1.0,1.0,2.0,log_ant_total,log_ant_total
Chart,20,6,FAIL,1,PASS,0,REVEALING,22,21,95.45,8,7,87.5,,,,,
Chart,21,30,FAIL,6,FAIL,6,INCONCLUSIVE,161,90,55.9,60,24,40.0,,,,,
Chart,22,32,FAIL,6,FAIL,6,INCONCLUSIVE,124,115,92.74,58,47,81.03,,,,,
Chart,23,13,FAIL,1,PASS,0,REVEALING,144,54,37.5,46,12,26.09,,,,,
Chart,24,18,FAIL,4,FAIL,2,INCONCLUSIVE,25,25,100.0,10,10,100.0,,,,,
Chart,25,6,NOT_RUN,,NOT_RUN,,NOT_AVAILABLE,,,,,,,0.0,0.0,0.0,log_ant_total,log_ant_total
Chart,26,18,PASS,0,PASS,0,NOT_REVEALING,350,195,55.71,128,65,50.78,,,,,
Chart,3,40,NOT_RUN,,NOT_RUN,,NOT_AVAILABLE,,,,,,,0.0,0.0,0.0,log_ant_total,log_ant_total
Chart,4,14,NOT_RUN,,NOT_RUN,,NOT_AVAILABLE,,,,,,,0.0,0.0,0.0,log_ant_total,log_ant_total
Chart,5,32,FAIL,5,FAIL,4,INCONCLUSIVE,172,155,90.12,80,69,86.25,,,,,
Chart,6,7,NOT_RUN,,NOT_RUN,,NOT_AVAILABLE,,,,,,,0.0,0.0,0.0,log_ant_total,log_ant_total
Chart,7,17,NOT_RUN,,NOT_RUN,,NOT_AVAILABLE,,,,,,,0.0,0.0,0.0,log_ant_total,log_ant_total
Chart,8,24,FAIL,2,FAIL,2,INCONCLUSIVE,162,119,73.46,68,35,51.47,,,,,
Chart,9,31,PASS,0,PASS,0,NOT_REVEALING,288,224,77.78,128,88,68.75,,,,,
Cli,1,9,FAIL,1,FAIL,1,INCONCLUSIVE,45,0,0.0,14,0,0.0,,,,,
Cli,10,17,FAIL,1,FAIL,1,INCONCLUSIVE,106,0,0.0,70,0,0.0,,,,,
Cli,11,20,FAIL,1,FAIL,1,INCONCLUSIVE,198,0,0.0,106,0,0.0,,,,,
Cli,12,12,FAIL,1,FAIL,1,INCONCLUSIVE,25,0,0.0,16,0,0.0,,,,,
Cli,13,47,NOT_RUN,,NOT_RUN,,NOT_AVAILABLE,,,,,,,0.0,0.0,0.0,log_ant_total,log_ant_total
Cli,14,10,NOT_RUN,,NOT_RUN,,NOT_AVAILABLE,,,,,,,0.0,0.0,0.0,log_ant_total,log_ant_total
Cli,15,14,NOT_RUN,,NOT_RUN,,NOT_AVAILABLE,,,,,,,0.0,0.0,0.0,log_ant_total,log_ant_total
Cli,16,66,NOT_RUN,,NOT_RUN,,NOT_AVAILABLE,,,,,,,0.0,1.0,1.0,log_ant_total,log_ant_total
Cli,17,15,FAIL,1,FAIL,1,INCONCLUSIVE,67,0,0.0,42,0,0.0,,,,,
Cli,18,26,FAIL,1,FAIL,1,INCONCLUSIVE,66,0,0.0,42,0,0.0,,,,,
Cli,19,15,FAIL,1,FAIL,1,INCONCLUSIVE,65,0,0.0,42,0,0.0,,,,,
Cli,2,16,FAIL,1,FAIL,1,INCONCLUSIVE,68,0,0.0,42,0,0.0,,,,,
Cli,20,19,FAIL,1,FAIL,1,INCONCLUSIVE,64,0,0.0,42,0,0.0,,,,,
Cli,21,48,NOT_RUN,,NOT_RUN,,NOT_AVAILABLE,,,,,,,0.0,0.0,0.0,log_ant_total,log_ant_total
Cli,22,38,FAIL,1,FAIL,1,INCONCLUSIVE,57,0,0.0,38,0,0.0,,,,,
Cli,23,17,FAIL,1,FAIL,1,INCONCLUSIVE,198,0,0.0,108,0,0.0,,,,,
Cli,24,30,FAIL,1,FAIL,1,INCONCLUSIVE,198,0,0.0,112,0,0.0,,,,,
Cli,25,21,FAIL,1,FAIL,1,INCONCLUSIVE,198,0,0.0,112,0,0.0,,,,,
Cli,26,12,NOT_RUN,,NOT_RUN,,NOT_AVAILABLE,,,,,,,0.0,0.0,0.0,log_ant_total,log_ant_total
Cli,27,13,FAIL,1,FAIL,1,INCONCLUSIVE,34,0,0.0,12,0,0.0,,,,,
Cli,28,16,FAIL,1,FAIL,1,INCONCLUSIVE,101,0,0.0,68,0,0.0,,,,,
Cli,29,19,FAIL,1,FAIL,1,INCONCLUSIVE,14,0,0.0,10,0,0.0,,,,,
Cli,3,27,FAIL,1,FAIL,1,INCONCLUSIVE,55,0,0.0,20,0,0.0,,,,,
Cli,30,39,FAIL,2,FAIL,2,INCONCLUSIVE,288,0,0.0,218,0,0.0,,,,,
Cli,31,46,NOT_RUN,,NOT_RUN,,NOT_AVAILABLE,,,,,,,0.0,1.0,1.0,log_ant_total,log_ant_total
Cli,32,22,FAIL,1,FAIL,1,INCONCLUSIVE,203,0,0.0,122,0,0.0,,,,,
Cli,33,16,FAIL,1,FAIL,1,INCONCLUSIVE,201,0,0.0,114,0,0.0,,,,,
Cli,34,46,NOT_RUN,,NOT_RUN,,NOT_AVAILABLE,,,,,,,0.0,0.0,0.0,log_ant_total,log_ant_total
Cli,35,27,FAIL,3,FAIL,3,INCONCLUSIVE,57,54,94.74,20,19,95.0,,,,,
Cli,36,23,NOT_RUN,,NOT_RUN,,NOT_AVAILABLE,,,,,,,0.0,0.0,0.0,log_ant_total,log_ant_total
Cli,37,24,PASS,0,PASS,0,NOT_REVEALING,187,158,84.49,158,102,64.56,,,,,
Cli,38,24,PASS,0,PASS,0,NOT_REVEALING,191,160,83.77,158,101,63.92,,,,,
Cli,39,33,FAIL,3,FAIL,3,INCONCLUSIVE,42,36,85.71,20,16,80.0,,,,,
Cli,4,16,FAIL,1,FAIL,1,INCONCLUSIVE,99,0,0.0,68,0,0.0,,,,,
Cli,40,22,NOT_RUN,,NOT_RUN,,NOT_AVAILABLE,,,,,,,0.0,0.0,0.0,log_ant_total,log_ant_total
Cli,5,14,FAIL,1,FAIL,1,INCONCLUSIVE,11,0,0.0,8,0,0.0,,,,,
Cli,7,14,NOT_RUN,,NOT_RUN,,NOT_AVAILABLE,,,,,,,0.0,0.0,0.0,log_ant_total,log_ant_total
Cli,8,23,FAIL,1,FAIL,1,INCONCLUSIVE,192,0,0.0,104,0,0.0,,,,,
Cli,9,17,NOT_RUN,,NOT_RUN,,NOT_AVAILABLE,,,,,,,0.0,0.0,0.0,log_ant_total,log_ant_total
Closure,1,6,NOT_RUN,,NOT_RUN,,NOT_AVAILABLE,,,,,,,3.0,1.0,4.0,log_ant_total,log_ant_total
Closure,10,8,FAIL,4,FAIL,4,INCONCLUSIVE,1031,75,7.27,1028,44,4.28,,,,,
Closure,100,5,NOT_RUN,,NOT_RUN,,NOT_AVAILABLE,,,,,,,0.0,0.0,0.0,log_ant_total,log_ant_total
Closure,101,6,NOT_RUN,,NOT_RUN,,NOT_AVAILABLE,,,,,,,0.0,0.0,0.0,log_ant_total,log_ant_total
Closure,102,7,FAIL,6,FAIL,6,INCONCLUSIVE,186,47,25.27,109,25,22.94,,,,,
Closure,103,30,NOT_RUN,,NOT_RUN,,NOT_AVAILABLE,,,,,,,0.0,0.0,0.0,log_ant_total,log_ant_total
Closure,104,44,NOT_RUN,,NOT_RUN,,NOT_AVAILABLE,,,,,,,0.0,0.0,0.0,log_ant_total,log_ant_total
Closure,105,12,NOT_RUN,,NOT_RUN,,NOT_AVAILABLE,,,,,,,1.0,0.0,1.0,log_ant_total,log_ant_total
Closure,106,66,NOT_RUN,,NOT_RUN,,NOT_AVAILABLE,,,,,,,0.0,0.0,0.0,log_ant_total,log_ant_total
Closure,107,5,NOT_RUN,,NOT_RUN,,NOT_AVAILABLE,,,,,,,1.0,1.0,2.0,log_ant_total,log_ant_total
Closure,108,9,NOT_RUN,,NOT_RUN,,NOT_AVAILABLE,,,,,,,1.0,2.0,3.0,log_ant_total,log_ant_total
Closure,109,5,NOT_RUN,,NOT_RUN,,NOT_AVAILABLE,,,,,,,1.0,1.0,2.0,log_ant_total,log_ant_total
Closure,11,7,NOT_RUN,,NOT_RUN,,NOT_AVAILABLE,,,,,,,2.0,2.0,4.0,log_ant_total,log_ant_total
Closure,110,105,NOT_RUN,,NOT_RUN,,NOT_AVAILABLE,,,,,,,1.0,1.0,2.0,log_ant_total,log_ant_total
Closure,111,5,NOT_RUN,,NOT_RUN,,NOT_AVAILABLE,,,,,,,2.0,1.0,3.0,log_ant_total,log_ant_total
Closure,112,8,NOT_RUN,,NOT_RUN,,NOT_AVAILABLE,,,,,,,1.0,1.0,2.0,log_ant_total,log_ant_total
Closure,113,20,NOT_RUN,,NOT_RUN,,NOT_AVAILABLE,,,,,,,1.0,1.0,2.0,log_ant_total,log_ant_total
Closure,114,10,NOT_RUN,,NOT_RUN,,NOT_AVAILABLE,,,,,,,1.0,1.0,2.0,log_ant_total,log_ant_total
Closure,115,24,NOT_RUN,,NOT_RUN,,NOT_AVAILABLE,,,,,,,1.0,1.0,2.0,log_ant_total,log_ant_total
Closure,116,17,NOT_RUN,,NOT_RUN,,NOT_AVAILABLE,,,,,,,1.0,1.0,2.0,log_ant_total,log_ant_total
Closure,117,19,NOT_RUN,,NOT_RUN,,NOT_AVAILABLE,,,,,,,2.0,1.0,3.0,log_ant_total,log_ant_total
Closure,118,20,NOT_RUN,,NOT_RUN,,NOT_AVAILABLE,,,,,,,1.0,1.0,2.0,log_ant_total,log_ant_total
Closure,119,23,NOT_RUN,,NOT_RUN,,NOT_AVAILABLE,,,,,,,1.0,1.0,2.0,log_ant_total,log_ant_total
Closure,12,9,NOT_RUN,,NOT_RUN,,NOT_AVAILABLE,,,,,,,2.0,1.0,3.0,log_ant_total,log_ant_total
Closure,120,24,NOT_RUN,,NOT_RUN,,NOT_AVAILABLE,,,,,,,1.0,1.0,2.0,log_ant_total,log_ant_total
Closure,121,11,FAIL,3,FAIL,3,INCONCLUSIVE,297,187,62.96,236,109,46.19,,,,,
Closure,122,14,NOT_RUN,,NOT_RUN,,NOT_AVAILABLE,,,,,,,1.0,2.0,3.0,log_ant_total,log_ant_total
Closure,123,29,NOT_RUN,,NOT_RUN,,NOT_AVAILABLE,,,,,,,1.0,1.0,2.0,log_ant_total,log_ant_total
Closure,124,20,NOT_RUN,,NOT_RUN,,NOT_AVAILABLE,,,,,,,1.0,1.0,2.0,log_ant_total,log_ant_total
Closure,125,21,NOT_RUN,,NOT_RUN,,NOT_AVAILABLE,,,,,,,1.0,1.0,2.0,log_ant_total,log_ant_total
Closure,126,8,NOT_RUN,,NOT_RUN,,NOT_AVAILABLE,,,,,,,1.0,1.0,2.0,log_ant_total,log_ant_total
Closure,127,18,NOT_RUN,,NOT_RUN,,NOT_AVAILABLE,,,,,,,1.0,1.0,2.0,log_ant_total,log_ant_total
Closure,128,38,NOT_RUN,,NOT_RUN,,NOT_AVAILABLE,,,,,,,1.0,2.0,3.0,log_ant_total,log_ant_total
Closure,129,21,NOT_RUN,,NOT_RUN,,NOT_AVAILABLE,,,,,,,2.0,1.0,3.0,log_ant_total,log_ant_total
Closure,13,9,NOT_RUN,,NOT_RUN,,NOT_AVAILABLE,,,,,,,1.0,1.0,2.0,log_ant_total,log_ant_total
Closure,130,7,NOT_RUN,,NOT_RUN,,NOT_AVAILABLE,,,,,,,1.0,1.0,2.0,log_ant_total,log_ant_total
Closure,131,13,FAIL,1,PASS,0,REVEALING,113,112,99.12,165,138,83.64,,,,,
Closure,132,28,NOT_RUN,,NOT_RUN,,NOT_AVAILABLE,,,,,,,1.0,2.0,3.0,log_ant_total,log_ant_total
Closure,133,14,NOT_RUN,,NOT_RUN,,NOT_AVAILABLE,,,,,,,2.0,1.0,3.0,log_ant_total,log_ant_total
Closure,134,8,NOT_RUN,,NOT_RUN,,NOT_AVAILABLE,,,,,,,0.0,0.0,0.0,log_ant_total,log_ant_total
Closure,135,40,NOT_RUN,,NOT_RUN,,NOT_AVAILABLE,,,,,,,0.0,0.0,0.0,log_ant_total,log_ant_total
Closure,136,42,NOT_RUN,,NOT_RUN,,NOT_AVAILABLE,,,,,,,0.0,0.0,0.0,log_ant_total,log_ant_total
Closure,137,122,NOT_RUN,,NOT_RUN,,NOT_AVAILABLE,,,,,,,0.0,0.0,0.0,log_ant_total,log_ant_total
Closure,138,18,NOT_RUN,,NOT_RUN,,NOT_AVAILABLE,,,,,,,1.0,0.0,1.0,log_ant_total,log_ant_total
Closure,139,9,NOT_RUN,,NOT_RUN,,NOT_AVAILABLE,,,,,,,0.0,0.0,0.0,log_ant_total,log_ant_total
Closure,14,32,NOT_RUN,,NOT_RUN,,NOT_AVAILABLE,,,,,,,1.0,2.0,3.0,log_ant_total,log_ant_total
Closure,140,27,NOT_RUN,,NOT_RUN,,NOT_AVAILABLE,,,,,,,0.0,0.0,0.0,log_ant_total,log_ant_total
Closure,141,72,NOT_RUN,,NOT_RUN,,NOT_AVAILABLE,,,,,,,0.0,0.0,0.0,log_ant_total,log_ant_total
Closure,142,29,NOT_RUN,,NOT_RUN,,NOT_AVAILABLE,,,,,,,0.0,0.0,0.0,log_ant_total,log_ant_total
Closure,143,52,NOT_RUN,,NOT_RUN,,NOT_AVAILABLE,,,,,,,0.0,0.0,0.0,log_ant_total,log_ant_total
Closure,144,103,NOT_RUN,,NOT_RUN,,NOT_AVAILABLE,,,,,,,0.0,0.0,0.0,log_ant_total,log_ant_total
Closure,145,50,NOT_RUN,,NOT_RUN,,NOT_AVAILABLE,,,,,,,0.0,0.0,0.0,log_ant_total,log_ant_total
Closure,146,27,NOT_RUN,,NOT_RUN,,NOT_AVAILABLE,,,,,,,0.0,0.0,0.0,log_ant_total,log_ant_total
Closure,147,23,NOT_RUN,,NOT_RUN,,NOT_AVAILABLE,,,,,,,0.0,0.0,0.0,log_ant_total,log_ant_total
Closure,148,83,NOT_RUN,,NOT_RUN,,NOT_AVAILABLE,,,,,,,0.0,0.0,0.0,log_ant_total,log_ant_total
Closure,149,121,NOT_RUN,,NOT_RUN,,NOT_AVAILABLE,,,,,,,0.0,0.0,0.0,log_ant_total,log_ant_total
Closure,15,11,NOT_RUN,,NOT_RUN,,NOT_AVAILABLE,,,,,,,1.0,2.0,3.0,log_ant_total,log_ant_total
Closure,150,4,NOT_RUN,,NOT_RUN,,NOT_AVAILABLE,,,,,,,0.0,0.0,0.0,log_ant_total,log_ant_total
Closure,151,14,FAIL,1,FAIL,1,INCONCLUSIVE,182,138,75.82,34,18,52.94,,,,,
Closure,152,13,NOT_RUN,,NOT_RUN,,NOT_AVAILABLE,,,,,,,0.0,0.0,0.0,log_ant_total,log_ant_total
Closure,153,30,NOT_RUN,,NOT_RUN,,NOT_AVAILABLE,,,,,,,1.0,1.0,2.0,log_ant_total,log_ant_total
Closure,154,25,NOT_RUN,,NOT_RUN,,NOT_AVAILABLE,,,,,,,1.0,1.0,2.0,log_ant_total,log_ant_total
Closure,155,51,NOT_RUN,,NOT_RUN,,NOT_AVAILABLE,,,,,,,1.0,1.0,2.0,log_ant_total,log_ant_total
Closure,156,5,NOT_RUN,,NOT_RUN,,NOT_AVAILABLE,,,,,,,1.0,1.0,2.0,log_ant_total,log_ant_total
Closure,157,92,NOT_RUN,,NOT_RUN,,NOT_AVAILABLE,,,,,,,1.0,1.0,2.0,log_ant_total,log_ant_total
Closure,158,68,NOT_RUN,,NOT_RUN,,NOT_AVAILABLE,,,,,,,1.0,1.0,2.0,log_ant_total,log_ant_total
Closure,159,12,NOT_RUN,,NOT_RUN,,NOT_AVAILABLE,,,,,,,1.0,1.0,2.0,log_ant_total,log_ant_total
Closure,16,12,NOT_RUN,,NOT_RUN,,NOT_AVAILABLE,,,,,,,1.0,1.0,2.0,log_ant_total,log_ant_total
Closure,160,55,NOT_RUN,,NOT_RUN,,NOT_AVAILABLE,,,,,,,1.0,1.0,2.0,log_ant_total,log_ant_total
Closure,161,46,FAIL,38,FAIL,38,INCONCLUSIVE,636,238,37.42,498,153,30.72,,,,,
Closure,162,60,NOT_RUN,,NOT_RUN,,NOT_AVAILABLE,,,,,,,1.0,1.0,2.0,log_ant_total,log_ant_total
Closure,163,19,NOT_RUN,,NOT_RUN,,NOT_AVAILABLE,,,,,,,1.0,1.0,2.0,log_ant_total,log_ant_total
Closure,164,17,NOT_RUN,,NOT_RUN,,NOT_AVAILABLE,,,,,,,1.0,1.0,2.0,log_ant_total,log_ant_total
Closure,165,87,NOT_RUN,,NOT_RUN,,NOT_AVAILABLE,,,,,,,1.0,1.0,2.0,log_ant_total,log_ant_total
Closure,166,32,NOT_RUN,,NOT_RUN,,NOT_AVAILABLE,,,,,,,1.0,1.0,2.0,log_ant_total,log_ant_total
Closure,167,105,NOT_RUN,,NOT_RUN,,NOT_AVAILABLE,,,,,,,2.0,1.0,3.0,log_ant_total,log_ant_total
Closure,168,6,NOT_RUN,,NOT_RUN,,NOT_AVAILABLE,,,,,,,1.0,1.0,2.0,log_ant_total,log_ant_total
Closure,169,135,NOT_RUN,,NOT_RUN,,NOT_AVAILABLE,,,,,,,1.0,1.0,2.0,log_ant_total,log_ant_total
Closure,17,16,NOT_RUN,,NOT_RUN,,NOT_AVAILABLE,,,,,,,2.0,2.0,4.0,log_ant_total,log_ant_total
Closure,170,8,FAIL,8,FAIL,8,INCONCLUSIVE,179,7,3.91,132,0,0.0,,,,,
Closure,171,49,NOT_RUN,,NOT_RUN,,NOT_AVAILABLE,,,,,,,1.0,1.0,2.0,log_ant_total,log_ant_total
Closure,172,39,FAIL,39,FAIL,39,INCONCLUSIVE,947,0,0.0,762,0,0.0,,,,,
Closure,173,19,FAIL,10,FAIL,10,INCONCLUSIVE,915,76,8.31,685,29,4.23,,,,,
Closure,174,31,NOT_RUN,,NOT_RUN,,NOT_AVAILABLE,,,,,,,2.0,2.0,4.0,log_ant_total,log_ant_total
Closure,18,9,NOT_RUN,,NOT_RUN,,NOT_AVAILABLE,,,,,,,2.0,1.0,3.0,log_ant_total,log_ant_total
Closure,19,11,NOT_RUN,,NOT_RUN,,NOT_AVAILABLE,,,,,,,2.0,3.0,5.0,log_ant_total,log_ant_total
Closure,2,33,NOT_RUN,,NOT_RUN,,NOT_AVAILABLE,,,,,,,3.0,2.0,5.0,log_ant_total,log_ant_total
Closure,20,16,FAIL,16,FAIL,16,INCONCLUSIVE,754,74,9.81,526,32,6.08,,,,,
Closure,21,8,NOT_RUN,,NOT_RUN,,NOT_AVAILABLE,,,,,,,1.0,2.0,3.0,log_ant_total,log_ant_total
Closure,22,8,NOT_RUN,,NOT_RUN,,NOT_AVAILABLE,,,,,,,2.0,1.0,3.0,log_ant_total,log_ant_total
Closure,23,9,NOT_RUN,,NOT_RUN,,NOT_AVAILABLE,,,,,,,2.0,2.0,4.0,log_ant_total,log_ant_total
Closure,24,10,NOT_RUN,,NOT_RUN,,NOT_AVAILABLE,,,,,,,2.0,2.0,4.0,log_ant_total,log_ant_total
Closure,25,3,NOT_RUN,,NOT_RUN,,NOT_AVAILABLE,,,,,,,2.0,2.0,4.0,log_ant_total,log_ant_total
Closure,26,12,FAIL,1,FAIL,1,INCONCLUSIVE,106,25,23.58,40,7,17.5,,,,,
Closure,27,25,FAIL,7,FAIL,7,INCONCLUSIVE,187,137,73.26,60,34,56.67,,,,,
Closure,28,5,NOT_RUN,,NOT_RUN,,NOT_AVAILABLE,,,,,,,2.0,1.0,3.0,log_ant_total,log_ant_total
Closure,29,7,FAIL,7,FAIL,7,INCONCLUSIVE,174,8,4.6,104,0,0.0,,,,,
Closure,3,6,PASS,0,PASS,0,NOT_REVEALING,176,18,10.23,127,9,7.09,,,,,
Closure,30,14,FAIL,5,FAIL,5,INCONCLUSIVE,330,23,6.97,222,5,2.25,,,,,
Closure,31,9,FAIL,3,FAIL,3,INCONCLUSIVE,981,407,41.49,400,134,33.5,,,,,
Closure,32,12,NOT_RUN,,NOT_RUN,,NOT_AVAILABLE,,,,,,,2.0,3.0,5.0,log_ant_total,log_ant_total
Closure,33,13,NOT_RUN,,NOT_RUN,,NOT_AVAILABLE,,,,,,,1.0,2.0,3.0,log_ant_total,log_ant_total
Closure,34,12,NOT_RUN,,NOT_RUN,,NOT_AVAILABLE,,,,,,,2.0,2.0,4.0,log_ant_total,log_ant_total
Closure,35,6,FAIL,6,FAIL,6,INCONCLUSIVE,626,0,0.0,422,0,0.0,,,,,
Closure,36,7,NOT_RUN,,NOT_RUN,,NOT_AVAILABLE,,,,,,,2.0,2.0,4.0,log_ant_total,log_ant_total
Closure,37,31,NOT_RUN,,NOT_RUN,,NOT_AVAILABLE,,,,,,,2.0,2.0,4.0,log_ant_total,log_ant_total
Closure,38,28,FAIL,1,FAIL,1,INCONCLUSIVE,112,77,68.75,64,43,67.19,,,,,
Closure,39,17,NOT_RUN,,NOT_RUN,,NOT_AVAILABLE,,,,,,,2.0,2.0,4.0,log_ant_total,log_ant_total
Closure,4,8,PASS,0,PASS,0,NOT_REVEALING,132,24,18.18,86,2,2.33,,,,,
Closure,40,9,NOT_RUN,,NOT_RUN,,NOT_AVAILABLE,,,,,,,2.0,2.0,4.0,log_ant_total,log_ant_total
Closure,41,9,NOT_RUN,,NOT_RUN,,NOT_AVAILABLE,,,,,,,2.0,2.0,4.0,log_ant_total,log_ant_total
Closure,42,6,NOT_RUN,,NOT_RUN,,NOT_AVAILABLE,,,,,,,2.0,2.0,4.0,log_ant_total,log_ant_total
Closure,43,13,NOT_RUN,,NOT_RUN,,NOT_AVAILABLE,,,,,,,1.0,2.0,3.0,log_ant_total,log_ant_total
Closure,44,35,FAIL,7,FAIL,7,INCONCLUSIVE,109,91,83.49,60,53,88.33,,,,,
Closure,45,9,NOT_RUN,,NOT_RUN,,NOT_AVAILABLE,,,,,,,2.0,2.0,4.0,log_ant_total,log_ant_total
Closure,46,18,NOT_RUN,,NOT_RUN,,NOT_AVAILABLE,,,,,,,1.0,1.0,2.0,log_ant_total,log_ant_total
Closure,47,27,NOT_RUN,,NOT_RUN,,NOT_AVAILABLE,,,,,,,1.0,2.0,3.0,log_ant_total,log_ant_total
Closure,48,3,FAIL,3,FAIL,3,INCONCLUSIVE,827,53,6.41,641,10,1.56,,,,,
Closure,49,10,NOT_RUN,,NOT_RUN,,NOT_AVAILABLE,,,,,,,2.0,2.0,4.0,log_ant_total,log_ant_total
Closure,5,6,FAIL,5,FAIL,5,INCONCLUSIVE,181,8,4.42,108,0,0.0,,,,,
Closure,50,28,FAIL,24,FAIL,24,INCONCLUSIVE,308,161,52.27,245,102,41.63,,,,,
Closure,51,46,FAIL,3,FAIL,3,INCONCLUSIVE,108,102,94.44,54,52,96.3,,,,,
Closure,52,11,NOT_RUN,,NOT_RUN,,NOT_AVAILABLE,,,,,,,1.0,2.0,3.0,log_ant_total,log_ant_total
Closure,53,14,NOT_RUN,,NOT_RUN,,NOT_AVAILABLE,,,,,,,2.0,2.0,4.0,log_ant_total,log_ant_total
Closure,54,29,NOT_RUN,,NOT_RUN,,NOT_AVAILABLE,,,,,,,2.0,2.0,4.0,log_ant_total,log_ant_total
Closure,55,6,NOT_RUN,,NOT_RUN,,NOT_AVAILABLE,,,,,,,2.0,2.0,4.0,log_ant_total,log_ant_total
Closure,56,25,NOT_RUN,,NOT_RUN,,NOT_AVAILABLE,,,,,,,1.0,1.0,2.0,log_ant_total,log_ant_total
Closure,57,21,NOT_RUN,,NOT_RUN,,NOT_AVAILABLE,,,,,,,2.0,2.0,4.0,log_ant_total,log_ant_total
Closure,58,7,NOT_RUN,,NOT_RUN,,NOT_AVAILABLE,,,,,,,1.0,2.0,3.0,log_ant_total,log_ant_total
Closure,59,24,NOT_RUN,,NOT_RUN,,NOT_AVAILABLE,,,,,,,1.0,1.0,2.0,log_ant_total,log_ant_total
Closure,6,12,NOT_RUN,,NOT_RUN,,NOT_AVAILABLE,,,,,,,2.0,1.0,3.0,log_ant_total,log_ant_total
Closure,60,175,NOT_RUN,,NOT_RUN,,NOT_AVAILABLE,,,,,,,1.0,2.0,3.0,log_ant_total,log_ant_total
Closure,61,147,NOT_RUN,,NOT_RUN,,NOT_AVAILABLE,,,,,,,1.0,1.0,2.0,log_ant_total,log_ant_total
Closure,62,14,NOT_RUN,,NOT_RUN,,NOT_AVAILABLE,,,,,,,2.0,1.0,3.0,log_ant_total,log_ant_total
Closure,64,73,NOT_RUN,,NOT_RUN,,NOT_AVAILABLE,,,,,,,1.0,1.0,2.0,log_ant_total,log_ant_total
Closure,65,68,NOT_RUN,,NOT_RUN,,NOT_AVAILABLE,,,,,,,1.0,1.0,2.0,log_ant_total,log_ant_total
Closure,66,56,NOT_RUN,,NOT_RUN,,NOT_AVAILABLE,,,,,,,1.0,1.0,2.0,log_ant_total,log_ant_total
Closure,67,16,NOT_RUN,,NOT_RUN,,NOT_AVAILABLE,,,,,,,1.0,1.0,2.0,log_ant_total,log_ant_total
Closure,68,64,NOT_RUN,,NOT_RUN,,NOT_AVAILABLE,,,,,,,1.0,1.0,2.0,log_ant_total,log_ant_total
Closure,69,24,NOT_RUN,,NOT_RUN,,NOT_AVAILABLE,,,,,,,1.0,1.0,2.0,log_ant_total,log_ant_total
Closure,7,25,NOT_RUN,,NOT_RUN,,NOT_AVAILABLE,,,,,,,2.0,2.0,4.0,log_ant_total,log_ant_total
Closure,70,27,NOT_RUN,,NOT_RUN,,NOT_AVAILABLE,,,,,,,1.0,1.0,2.0,log_ant_total,log_ant_total
Closure,71,29,NOT_RUN,,NOT_RUN,,NOT_AVAILABLE,,,,,,,1.0,1.0,2.0,log_ant_total,log_ant_total
Closure,72,17,NOT_RUN,,NOT_RUN,,NOT_AVAILABLE,,,,,,,1.0,1.0,2.0,log_ant_total,log_ant_total
Closure,73,56,NOT_RUN,,NOT_RUN,,NOT_AVAILABLE,,,,,,,1.0,1.0,2.0,log_ant_total,log_ant_total
Closure,74,62,FAIL,56,FAIL,56,INCONCLUSIVE,800,446,55.75,619,269,43.46,,,,,
Closure,75,364,NOT_RUN,,NOT_RUN,,NOT_AVAILABLE,,,,,,,1.0,1.0,2.0,log_ant_total,log_ant_total
Closure,76,13,NOT_RUN,,NOT_RUN,,NOT_AVAILABLE,,,,,,,1.0,1.0,2.0,log_ant_total,log_ant_total
Closure,77,107,NOT_RUN,,NOT_RUN,,NOT_AVAILABLE,,,,,,,1.0,1.0,2.0,log_ant_total,log_ant_total
Closure,78,68,NOT_RUN,,NOT_RUN,,NOT_AVAILABLE,,,,,,,1.0,1.0,2.0,log_ant_total,log_ant_total
Closure,79,25,NOT_RUN,,NOT_RUN,,NOT_AVAILABLE,,,,,,,1.0,1.0,2.0,log_ant_total,log_ant_total
Closure,8,12,NOT_RUN,,NOT_RUN,,NOT_AVAILABLE,,,,,,,2.0,1.0,3.0,log_ant_total,log_ant_total
Closure,80,338,NOT_RUN,,NOT_RUN,,NOT_AVAILABLE,,,,,,,1.0,1.0,2.0,log_ant_total,log_ant_total
Closure,81,40,NOT_RUN,,NOT_RUN,,NOT_AVAILABLE,,,,,,,1.0,1.0,2.0,log_ant_total,log_ant_total
Closure,82,80,NOT_RUN,,NOT_RUN,,NOT_AVAILABLE,,,,,,,1.0,1.0,2.0,log_ant_total,log_ant_total
Closure,83,25,FAIL,8,FAIL,2,INCONCLUSIVE,193,150,77.72,36,19,52.78,,,,,
Closure,84,36,NOT_RUN,,NOT_RUN,,NOT_AVAILABLE,,,,,,,1.0,1.0,2.0,log_ant_total,log_ant_total
Closure,85,11,NOT_RUN,,NOT_RUN,,NOT_AVAILABLE,,,,,,,1.0,1.0,2.0,log_ant_total,log_ant_total
Closure,86,257,NOT_RUN,,NOT_RUN,,NOT_AVAILABLE,,,,,,,1.0,1.0,2.0,log_ant_total,log_ant_total
Closure,87,36,NOT_RUN,,NOT_RUN,,NOT_AVAILABLE,,,,,,,1.0,1.0,2.0,log_ant_total,log_ant_total
Closure,88,15,NOT_RUN,,NOT_RUN,,NOT_AVAILABLE,,,,,,,1.0,1.0,2.0,log_ant_total,log_ant_total
Closure,89,51,NOT_RUN,,NOT_RUN,,NOT_AVAILABLE,,,,,,,0.0,0.0,0.0,log_ant_total,log_ant_total
Closure,9,24,NOT_RUN,,NOT_RUN,,NOT_AVAILABLE,,,,,,,2.0,2.0,4.0,log_ant_total,log_ant_total
Closure,90,68,NOT_RUN,,NOT_RUN,,NOT_AVAILABLE,,,,,,,0.0,0.0,0.0,log_ant_total,log_ant_total
Closure,91,16,NOT_RUN,,NOT_RUN,,NOT_AVAILABLE,,,,,,,1.0,0.0,1.0,log_ant_total,log_ant_total
Closure,92,26,NOT_RUN,,NOT_RUN,,NOT_AVAILABLE,,,,,,,0.0,0.0,0.0,log_ant_total,log_ant_total
Closure,94,120,NOT_RUN,,NOT_RUN,,NOT_AVAILABLE,,,,,,,0.0,0.0,0.0,log_ant_total,log_ant_total
Closure,95,19,NOT_RUN,,NOT_RUN,,NOT_AVAILABLE,,,,,,,0.0,0.0,0.0,log_ant_total,log_ant_total
Closure,96,29,NOT_RUN,,NOT_RUN,,NOT_AVAILABLE,,,,,,,1.0,0.0,1.0,log_ant_total,log_ant_total
Closure,97,79,NOT_RUN,,NOT_RUN,,NOT_AVAILABLE,,,,,,,0.0,0.0,0.0,log_ant_total,log_ant_total
Closure,98,42,NOT_RUN,,NOT_RUN,,NOT_AVAILABLE,,,,,,,0.0,0.0,0.0,log_ant_total,log_ant_total
Closure,99,16,NOT_RUN,,NOT_RUN,,NOT_AVAILABLE,,,,,,,0.0,0.0,0.0,log_ant_total,log_ant_total
Codec,1,63,FAIL,19,FAIL,19,INCONCLUSIVE,256,185,72.27,184,98,53.26,,,,,
Codec,10,15,PASS,0,PASS,0,NOT_REVEALING,69,69,100.0,6,6,100.0,,,,,
Codec,11,23,PASS,0,FAIL,6,INCONCLUSIVE,81,75,92.59,36,34,94.44,,,,,
Codec,12,14,FAIL,3,FAIL,1,INCONCLUSIVE,31,30,96.77,26,25,96.15,,,,,
Codec,13,146,NOT_RUN,,NOT_RUN,,NOT_AVAILABLE,,,,,,,0.0,0.0,0.0,log_ant_total,log_ant_total
Codec,14,82,NOT_RUN,,NOT_RUN,,NOT_AVAILABLE,,,,,,,1.0,0.0,1.0,log_ant_total,log_ant_total
Codec,15,21,FAIL,4,FAIL,4,INCONCLUSIVE,51,50,98.04,34,26,76.47,,,,,
Codec,16,26,FAIL,1,FAIL,1,INCONCLUSIVE,165,138,83.64,75,60,80.0,,,,,
Codec,17,33,NOT_RUN,,NOT_RUN,,NOT_AVAILABLE,,,,,,,0.0,0.0,0.0,log_ant_total,log_ant_total
Codec,18,40,PASS,0,PASS,0,NOT_REVEALING,39,38,97.44,20,19,95.0,,,,,
Codec,2,25,FAIL,1,FAIL,1,INCONCLUSIVE,214,179,83.64,146,102,69.86,,,,,
Codec,3,185,FAIL,105,FAIL,105,INCONCLUSIVE,453,419,92.49,450,364,80.89,,,,,
Codec,4,27,FAIL,4,FAIL,2,INCONCLUSIVE,231,214,92.64,158,125,79.11,,,,,
Codec,5,31,FAIL,3,FAIL,3,INCONCLUSIVE,231,204,88.31,158,117,74.05,,,,,
Codec,6,13,FAIL,2,FAIL,2,INCONCLUSIVE,35,35,100.0,28,26,92.86,,,,,
Codec,7,36,FAIL,5,FAIL,5,INCONCLUSIVE,233,196,84.12,162,119,73.46,,,,,
Codec,8,42,FAIL,7,FAIL,7,INCONCLUSIVE,261,225,86.21,186,145,77.96,,,,,
Codec,9,43,NOT_RUN,,NOT_RUN,,NOT_AVAILABLE,,,,,,,0.0,0.0,0.0,log_ant_total,log_ant_total
Collections,1,34,FAIL,4,FAIL,4,INCONCLUSIVE,491,272,55.4,376,160,42.55,,,,,
Collections,10,32,PASS,0,PASS,0,NOT_REVEALING,119,102,85.71,48,40,83.33,,,,,
Collections,11,35,FAIL,4,FAIL,3,INCONCLUSIVE,35,35,100.0,12,12,100.0,,,,,
Collections,12,54,NOT_RUN,,NOT_RUN,,NOT_AVAILABLE,,,,,,,0.0,0.0,0.0,log_ant_total,log_ant_total
Collections,13,88,NOT_RUN,,NOT_RUN,,NOT_AVAILABLE,,,,,,,0.0,0.0,0.0,log_ant_total,log_ant_total
Collections,14,30,PASS,0,PASS,0,NOT_REVEALING,18,12,66.67,2,2,100.0,,,,,
Collections,15,30,PASS,0,PASS,0,NOT_REVEALING,86,84,97.67,22,22,100.0,,,,,
Collections,16,33,NOT_RUN,,NOT_RUN,,NOT_AVAILABLE,,,,,,,0.0,1.0,1.0,log_ant_total,log_ant_total
Collections,17,20,NOT_RUN,,NOT_RUN,,NOT_AVAILABLE,,,,,,,0.0,0.0,0.0,log_ant_total,log_ant_total
Collections,18,37,FAIL,1,FAIL,1,INCONCLUSIVE,93,84,90.32,36,34,94.44,,,,,
Collections,19,33,PASS,0,PASS,0,NOT_REVEALING,109,102,93.58,38,35,92.11,,,,,
Collections,2,100,NOT_RUN,,NOT_RUN,,NOT_AVAILABLE,,,,,,,0.0,0.0,0.0,log_ant_total,log_ant_total
Collections,20,44,FAIL,1,FAIL,1,INCONCLUSIVE,293,238,81.23,154,106,68.83,,,,,
Collections,21,33,PASS,0,PASS,0,NOT_REVEALING,109,102,93.58,38,36,94.74,,,,,
Collections,22,32,PASS,0,PASS,0,NOT_REVEALING,195,91,46.67,52,27,51.92,,,,,
Collections,23,27,NOT_RUN,,NOT_RUN,,NOT_AVAILABLE,,,,,,,0.0,0.0,0.0,log_ant_total,log_ant_total
Collections,24,16,PASS,0,PASS,0,NOT_REVEALING,26,25,96.15,12,12,100.0,,,,,
Collections,25,88,NOT_RUN,,NOT_RUN,,NOT_AVAILABLE,,,,,,,1.0,0.0,1.0,log_ant_total,log_ant_total
Collections,26,29,PASS,0,PASS,0,NOT_REVEALING,37,35,94.59,12,12,100.0,,,,,
Collections,27,28,FAIL,1,FAIL,1,INCONCLUSIVE,127,109,85.83,50,41,82.0,,,,,
Collections,28,48,NOT_RUN,,NOT_RUN,,NOT_AVAILABLE,,,,,,,1.0,0.0,1.0,log_ant_total,log_ant_total
Collections,3,79,NOT_RUN,,NOT_RUN,,NOT_AVAILABLE,,,,,,,1.0,1.0,2.0,log_ant_total,log_ant_total
Collections,4,40,FAIL,4,FAIL,2,INCONCLUSIVE,111,103,92.79,48,41,85.42,,,,,
Collections,5,34,FAIL,2,FAIL,1,INCONCLUSIVE,82,81,98.78,20,19,95.0,,,,,
Collections,6,34,FAIL,2,PASS,0,REVEALING,495,293,59.19,376,193,51.33,,,,,
Collections,7,98,NOT_RUN,,NOT_RUN,,NOT_AVAILABLE,,,,,,,0.0,1.0,1.0,log_ant_total,log_ant_total
Collections,8,28,PASS,0,PASS,0,NOT_REVEALING,88,74,84.09,36,30,83.33,,,,,
Collections,9,62,NOT_RUN,,NOT_RUN,,NOT_AVAILABLE,,,,,,,0.0,0.0,0.0,log_ant_total,log_ant_total
Compress,1,15,NOT_RUN,,NOT_RUN,,NOT_AVAILABLE,,,,,,,0.0,0.0,0.0,log_ant_total,log_ant_total
Compress,10,15,FAIL,2,FAIL,2,INCONCLUSIVE,304,207,68.09,113,39,34.51,,,,,
Compress,11,17,FAIL,1,FAIL,1,INCONCLUSIVE,69,53,76.81,46,33,71.74,,,,,
Compress,12,33,NOT_RUN,,NOT_RUN,,NOT_AVAILABLE,,,,,,,0.0,0.0,0.0,log_ant_total,log_ant_total
Compress,13,51,NOT_RUN,,NOT_RUN,,NOT_AVAILABLE,,,,,,,1.0,1.0,2.0,log_ant_total,log_ant_total
Compress,14,27,FAIL,7,FAIL,6,INCONCLUSIVE,101,73,72.28,66,47,71.21,,,,,
Compress,15,35,NOT_RUN,,NOT_RUN,,NOT_AVAILABLE,,,,,,,0.0,0.0,0.0,log_ant_total,log_ant_total
Compress,16,23,NOT_RUN,,NOT_RUN,,NOT_AVAILABLE,,,,,,,0.0,0.0,0.0,log_ant_total,log_ant_total
Compress,17,28,FAIL,12,FAIL,12,INCONCLUSIVE,179,129,72.07,116,82,70.69,,,,,
Compress,18,32,NOT_RUN,,NOT_RUN,,NOT_AVAILABLE,,,,,,,0.0,1.0,1.0,log_ant_total,log_ant_total
Compress,19,33,FAIL,1,FAIL,1,INCONCLUSIVE,99,98,98.99,60,59,98.33,,,,,
Compress,2,20,NOT_RUN,,NOT_RUN,,NOT_AVAILABLE,,,,,,,0.0,0.0,0.0,log_ant_total,log_ant_total
Compress,20,17,FAIL,7,FAIL,7,INCONCLUSIVE,213,85,39.91,114,33,28.95,,,,,
Compress,21,12,FAIL,2,FAIL,2,INCONCLUSIVE,390,278,71.28,136,81,59.56,,,,,
Compress,22,14,FAIL,4,FAIL,4,INCONCLUSIVE,500,42,8.4,265,22,8.3,,,,,
Compress,23,17,NOT_RUN,,NOT_RUN,,NOT_AVAILABLE,,,,,,,0.0,0.0,0.0,log_ant_total,log_ant_total
Compress,24,27,FAIL,7,FAIL,8,INCONCLUSIVE,180,120,66.67,118,75,63.56,,,,,
Compress,25,22,FAIL,6,FAIL,3,INCONCLUSIVE,401,256,63.84,252,121,48.02,,,,,
Compress,26,25,PASS,0,PASS,0,NOT_REVEALING,36,36,100.0,18,18,100.0,,,,,
Compress,27,32,NOT_RUN,,NOT_RUN,,NOT_AVAILABLE,,,,,,,0.0,0.0,0.0,log_ant_total,log_ant_total
Compress,28,41,NOT_RUN,,NOT_RUN,,NOT_AVAILABLE,,,,,,,0.0,0.0,0.0,log_ant_total,log_ant_total
Compress,29,150,NOT_RUN,,NOT_RUN,,NOT_AVAILABLE,,,,,,,0.0,0.0,0.0,log_ant_total,log_ant_total
Compress,3,15,PASS,0,FAIL,2,INCONCLUSIVE,90,85,94.44,28,27,96.43,,,,,
Compress,30,13,FAIL,9,FAIL,9,INCONCLUSIVE,488,39,7.99,265,19,7.17,,,,,
Compress,31,29,FAIL,9,FAIL,9,INCONCLUSIVE,176,116,65.91,116,73,62.93,,,,,
Compress,32,25,FAIL,5,FAIL,5,INCONCLUSIVE,220,96,43.64,126,38,30.16,,,,,
Compress,33,34,NOT_RUN,,NOT_RUN,,NOT_AVAILABLE,,,,,,,1.0,1.0,2.0,log_ant_total,log_ant_total
Compress,34,33,FAIL,2,FAIL,2,INCONCLUSIVE,70,70,100.0,14,13,92.86,,,,,
Compress,35,21,FAIL,2,FAIL,3,INCONCLUSIVE,174,121,69.54,112,68,60.71,,,,,
Compress,36,25,FAIL,22,FAIL,22,INCONCLUSIVE,533,40,7.5,303,10,3.3,,,,,
Compress,37,24,NOT_RUN,,NOT_RUN,,NOT_AVAILABLE,,,,,,,0.0,1.0,1.0,log_ant_total,log_ant_total
Compress,38,96,NOT_RUN,,NOT_RUN,,NOT_AVAILABLE,,,,,,,0.0,0.0,0.0,log_ant_total,log_ant_total
Compress,39,35,NOT_RUN,,NOT_RUN,,NOT_AVAILABLE,,,,,,,0.0,0.0,0.0,log_ant_total,log_ant_total
Compress,4,80,NOT_RUN,,NOT_RUN,,NOT_AVAILABLE,,,,,,,0.0,0.0,0.0,log_ant_total,log_ant_total
Compress,40,13,PASS,0,PASS,0,NOT_REVEALING,33,33,100.0,12,12,100.0,,,,,
Compress,41,26,NOT_RUN,,NOT_RUN,,NOT_AVAILABLE,,,,,,,0.0,1.0,1.0,log_ant_total,log_ant_total
Compress,42,71,FAIL,5,FAIL,5,INCONCLUSIVE,242,209,86.36,132,88,66.67,,,,,
Compress,43,49,NOT_RUN,,NOT_RUN,,NOT_AVAILABLE,,,,,,,0.0,1.0,1.0,log_ant_total,log_ant_total
Compress,44,17,FAIL,1,FAIL,1,INCONCLUSIVE,17,17,100.0,6,6,100.0,,,,,
Compress,45,27,FAIL,14,FAIL,14,INCONCLUSIVE,171,109,63.74,108,66,61.11,,,,,
Compress,46,52,FAIL,5,FAIL,5,INCONCLUSIVE,112,106,94.64,96,72,75.0,,,,,
Compress,47,18,FAIL,3,FAIL,3,INCONCLUSIVE,430,282,65.58,273,129,47.25,,,,,
Compress,5,18,FAIL,2,FAIL,2,INCONCLUSIVE,159,146,91.82,94,70,74.47,,,,,
Compress,6,55,NOT_RUN,,NOT_RUN,,NOT_AVAILABLE,,,,,,,0.0,1.0,1.0,log_ant_total,log_ant_total
Compress,7,23,FAIL,1,FAIL,1,INCONCLUSIVE,63,61,96.83,38,35,92.11,,,,,
Compress,8,27,FAIL,11,FAIL,10,INCONCLUSIVE,70,68,97.14,38,35,92.11,,,,,
Compress,9,21,FAIL,5,FAIL,5,INCONCLUSIVE,110,85,77.27,42,35,83.33,,,,,
Csv,1,25,FAIL,1,FAIL,1,INCONCLUSIVE,37,37,100.0,22,21,95.45,,,,,
Csv,10,35,NOT_RUN,,NOT_RUN,,NOT_AVAILABLE,,,,,,,1.0,0.0,1.0,log_ant_total,log_ant_total
Csv,11,19,NOT_RUN,,NOT_RUN,,NOT_AVAILABLE,,,,,,,0.0,0.0,0.0,log_ant_total,log_ant_total
Csv,12,51,FAIL,3,FAIL,3,INCONCLUSIVE,184,137,74.46,140,82,58.57,,,,,
Csv,13,83,NOT_RUN,,NOT_RUN,,NOT_AVAILABLE,,,,,,,0.0,0.0,0.0,log_ant_total,log_ant_total
Csv,14,77,NOT_RUN,,NOT_RUN,,NOT_AVAILABLE,,,,,,,0.0,1.0,1.0,log_ant_total,log_ant_total
Csv,15,25,FAIL,1,FAIL,1,INCONCLUSIVE,397,260,65.49,279,135,48.39,,,,,
Csv,16,20,FAIL,3,FAIL,3,INCONCLUSIVE,121,84,69.42,68,42,61.76,,,,,
Csv,2,16,PASS,0,PASS,0,NOT_REVEALING,21,21,100.0,16,16,100.0,,,,,
Csv,3,43,NOT_RUN,,NOT_RUN,,NOT_AVAILABLE,,,,,,,0.0,0.0,0.0,log_ant_total,log_ant_total
Csv,4,21,NOT_RUN,,NOT_RUN,,NOT_AVAILABLE,,,,,,,0.0,0.0,0.0,log_ant_total,log_ant_total
Csv,5,11,NOT_RUN,,NOT_RUN,,NOT_AVAILABLE,,,,,,,0.0,0.0,0.0,log_ant_total,log_ant_total
Csv,6,19,FAIL,4,FAIL,4,INCONCLUSIVE,35,31,88.57,18,15,83.33,,,,,
Csv,7,17,FAIL,2,FAIL,2,INCONCLUSIVE,101,78,77.23,50,34,68.0,,,,,
Csv,8,47,PASS,0,FAIL,1,INCONCLUSIVE,179,151,84.36,140,96,68.57,,,,,
Csv,9,17,FAIL,1,FAIL,1,INCONCLUSIVE,36,36,100.0,22,21,95.45,,,,,
Gson,1,20,FAIL,11,FAIL,9,INCONCLUSIVE,47,30,63.83,22,12,54.55,,,,,
Gson,10,17,NOT_RUN,,NOT_RUN,,NOT_AVAILABLE,,,,,,,0.0,0.0,0.0,log_ant_total,log_ant_total
Gson,11,102,PASS,0,FAIL,1,INCONCLUSIVE,500,419,83.8,196,157,80.1,,,,,
Gson,12,16,PASS,0,PASS,0,NOT_REVEALING,168,147,87.5,86,64,74.42,,,,,
Gson,13,30,FAIL,2,FAIL,2,INCONCLUSIVE,683,425,62.23,484,246,50.83,,,,,
Gson,14,18,FAIL,1,FAIL,1,INCONCLUSIVE,238,189,79.41,190,123,64.74,,,,,
Gson,15,23,FAIL,3,FAIL,2,INCONCLUSIVE,198,155,78.28,92,56,60.87,,,,,
Gson,16,16,PASS,0,PASS,0,NOT_REVEALING,243,203,83.54,194,129,66.49,,,,,
Gson,17,12,NOT_RUN,,NOT_RUN,,NOT_AVAILABLE,,,,,,,0.0,0.0,0.0,log_ant_total,log_ant_total
Gson,18,22,NOT_RUN,,NOT_RUN,,NOT_AVAILABLE,,,,,,,0.0,0.0,0.0,log_ant_total,log_ant_total
Gson,2,12,NOT_RUN,,NOT_RUN,,NOT_AVAILABLE,,,,,,,0.0,0.0,0.0,log_ant_total,log_ant_total
Gson,3,14,FAIL,5,FAIL,5,INCONCLUSIVE,86,61,70.93,32,21,65.62,,,,,
Gson,4,106,FAIL,27,FAIL,2,INCONCLUSIVE,882,551,62.47,565,275,48.67,,,,,
Gson,5,21,FAIL,2,FAIL,2,INCONCLUSIVE,150,135,90.0,89,67,75.28,,,,,
Gson,6,7,NOT_RUN,,NOT_RUN,,NOT_AVAILABLE,,,,,,,0.0,0.0,0.0,log_ant_total,log_ant_total
Gson,7,36,PASS,0,PASS,0,NOT_REVEALING,684,457,66.81,469,254,54.16,,,,,
Gson,8,6,PASS,0,PASS,0,NOT_REVEALING,31,0,0.0,0,0,,,,,,
Gson,9,119,NOT_RUN,,NOT_RUN,,NOT_AVAILABLE,,,,,,,0.0,0.0,0.0,log_ant_total,log_ant_total
JacksonCore,1,121,NOT_RUN,,NOT_RUN,,NOT_AVAILABLE,,,,,,,1.0,1.0,2.0,log_ant_total,log_ant_total
JacksonCore,10,44,FAIL,20,FAIL,20,INCONCLUSIVE,465,255,54.84,266,63,23.68,,,,,
JacksonCore,11,27,FAIL,9,FAIL,9,INCONCLUSIVE,468,326,69.66,268,109,40.67,,,,,
JacksonCore,12,47,NOT_RUN,,NOT_RUN,,NOT_AVAILABLE,,,,,,,1.0,0.0,1.0,log_ant_total,log_ant_total
JacksonCore,13,18,NOT_RUN,,NOT_RUN,,NOT_AVAILABLE,,,,,,,0.0,0.0,0.0,log_ant_total,log_ant_total
JacksonCore,14,49,NOT_RUN,,NOT_RUN,,NOT_AVAILABLE,,,,,,,1.0,0.0,1.0,log_ant_total,log_ant_total
JacksonCore,15,13,NOT_RUN,,NOT_RUN,,NOT_AVAILABLE,,,,,,,0.0,0.0,0.0,log_ant_total,log_ant_total
JacksonCore,16,16,NOT_RUN,,NOT_RUN,,NOT_AVAILABLE,,,,,,,0.0,1.0,1.0,log_ant_total,log_ant_total
JacksonCore,17,34,NOT_RUN,,NOT_RUN,,NOT_AVAILABLE,,,,,,,1.0,1.0,2.0,log_ant_total,log_ant_total
JacksonCore,18,138,NOT_RUN,,NOT_RUN,,NOT_AVAILABLE,,,,,,,0.0,1.0,1.0,log_ant_total,log_ant_total
JacksonCore,19,238,NOT_RUN,,NOT_RUN,,NOT_AVAILABLE,,,,,,,1.0,1.0,2.0,log_ant_total,log_ant_total
JacksonCore,2,35,FAIL,1,FAIL,1,INCONCLUSIVE,2463,1116,45.31,1698,559,32.92,,,,,
JacksonCore,20,104,NOT_RUN,,NOT_RUN,,NOT_AVAILABLE,,,,,,,0.0,0.0,0.0,log_ant_total,log_ant_total
JacksonCore,21,51,FAIL,31,FAIL,31,INCONCLUSIVE,385,44,11.43,269,18,6.69,,,,,
JacksonCore,22,12,FAIL,1,FAIL,1,INCONCLUSIVE,381,155,40.68,267,83,31.09,,,,,
JacksonCore,23,49,NOT_RUN,,NOT_RUN,,NOT_AVAILABLE,,,,,,,1.0,0.0,1.0,log_ant_total,log_ant_total
JacksonCore,24,124,NOT_RUN,,NOT_RUN,,NOT_AVAILABLE,,,,,,,0.0,1.0,1.0,log_ant_total,log_ant_total
JacksonCore,25,56,NOT_RUN,,NOT_RUN,,NOT_AVAILABLE,,,,,,,1.0,0.0,1.0,log_ant_total,log_ant_total
JacksonCore,26,22,FAIL,9,FAIL,9,INCONCLUSIVE,1482,208,14.04,951,101,10.62,,,,,
JacksonCore,3,31,NOT_RUN,,NOT_RUN,,NOT_AVAILABLE,,,,,,,0.0,0.0,0.0,log_ant_total,log_ant_total
JacksonCore,4,44,NOT_RUN,,NOT_RUN,,NOT_AVAILABLE,,,,,,,0.0,0.0,0.0,log_ant_total,log_ant_total
JacksonCore,5,41,PASS,0,PASS,0,NOT_REVEALING,84,82,97.62,62,56,90.32,,,,,
JacksonCore,6,24,FAIL,4,FAIL,3,INCONCLUSIVE,84,80,95.24,62,54,87.1,,,,,
JacksonCore,7,27,NOT_RUN,,NOT_RUN,,NOT_AVAILABLE,,,,,,,1.0,0.0,1.0,log_ant_total,log_ant_total
JacksonCore,8,48,FAIL,17,FAIL,17,INCONCLUSIVE,271,164,60.52,138,67,48.55,,,,,
JacksonCore,9,189,NOT_RUN,,NOT_RUN,,NOT_AVAILABLE,,,,,,,1.0,0.0,1.0,log_ant_total,log_ant_total
JacksonDatabind,1,35,NOT_RUN,,NOT_RUN,,NOT_AVAILABLE,,,,,,,1.0,0.0,1.0,log_ant_total,log_ant_total
JacksonDatabind,10,21,NOT_RUN,,NOT_RUN,,NOT_AVAILABLE,,,,,,,0.0,0.0,0.0,log_ant_total,log_ant_total
JacksonDatabind,100,49,NOT_RUN,,NOT_RUN,,NOT_AVAILABLE,,,,,,,0.0,0.0,0.0,log_ant_total,log_ant_total
JacksonDatabind,101,22,NOT_RUN,,NOT_RUN,,NOT_AVAILABLE,,,,,,,1.0,0.0,1.0,log_ant_total,log_ant_total
JacksonDatabind,102,20,NOT_RUN,,NOT_RUN,,NOT_AVAILABLE,,,,,,,1.0,1.0,2.0,log_ant_total,log_ant_total
JacksonDatabind,103,359,NOT_RUN,,NOT_RUN,,NOT_AVAILABLE,,,,,,,1.0,1.0,2.0,log_ant_total,log_ant_total
JacksonDatabind,104,19,NOT_RUN,,NOT_RUN,,NOT_AVAILABLE,,,,,,,1.0,1.0,2.0,log_ant_total,log_ant_total
JacksonDatabind,105,9,FAIL,1,FAIL,1,INCONCLUSIVE,19,17,89.47,12,10,83.33,,,,,
JacksonDatabind,106,16,NOT_RUN,,NOT_RUN,,NOT_AVAILABLE,,,,,,,1.0,1.0,2.0,log_ant_total,log_ant_total
JacksonDatabind,107,7,NOT_RUN,,NOT_RUN,,NOT_AVAILABLE,,,,,,,1.0,1.0,2.0,log_ant_total,log_ant_total
JacksonDatabind,108,14,FAIL,1,FAIL,1,INCONCLUSIVE,432,195,45.14,182,66,36.26,,,,,
JacksonDatabind,109,34,NOT_RUN,,NOT_RUN,,NOT_AVAILABLE,,,,,,,1.0,1.0,2.0,log_ant_total,log_ant_total
JacksonDatabind,11,20,PASS,0,PASS,0,NOT_REVEALING,320,180,56.25,198,84,42.42,,,,,
JacksonDatabind,110,20,NOT_RUN,,NOT_RUN,,NOT_AVAILABLE,,,,,,,1.0,1.0,2.0,log_ant_total,log_ant_total
JacksonDatabind,111,80,NOT_RUN,,NOT_RUN,,NOT_AVAILABLE,,,,,,,1.0,1.0,2.0,log_ant_total,log_ant_total
JacksonDatabind,112,11,NOT_RUN,,NOT_RUN,,NOT_AVAILABLE,,,,,,,1.0,1.0,2.0,log_ant_total,log_ant_total
JacksonDatabind,12,20,NOT_RUN,,NOT_RUN,,NOT_AVAILABLE,,,,,,,1.0,1.0,2.0,log_ant_total,log_ant_total
JacksonDatabind,13,32,NOT_RUN,,NOT_RUN,,NOT_AVAILABLE,,,,,,,0.0,0.0,0.0,log_ant_total,log_ant_total
JacksonDatabind,14,32,NOT_RUN,,NOT_RUN,,NOT_AVAILABLE,,,,,,,0.0,0.0,0.0,log_ant_total,log_ant_total
JacksonDatabind,15,89,NOT_RUN,,NOT_RUN,,NOT_AVAILABLE,,,,,,,0.0,0.0,0.0,log_ant_total,log_ant_total
JacksonDatabind,16,22,FAIL,2,FAIL,2,INCONCLUSIVE,35,35,100.0,36,31,86.11,,,,,
JacksonDatabind,17,10,NOT_RUN,,NOT_RUN,,NOT_AVAILABLE,,,,,,,0.0,0.0,0.0,log_ant_total,log_ant_total
JacksonDatabind,18,19,NOT_RUN,,NOT_RUN,,NOT_AVAILABLE,,,,,,,0.0,0.0,0.0,log_ant_total,log_ant_total
JacksonDatabind,19,55,NOT_RUN,,NOT_RUN,,NOT_AVAILABLE,,,,,,,0.0,0.0,0.0,log_ant_total,log_ant_total
JacksonDatabind,2,20,NOT_RUN,,NOT_RUN,,NOT_AVAILABLE,,,,,,,0.0,0.0,0.0,log_ant_total,log_ant_total
JacksonDatabind,20,67,NOT_RUN,,NOT_RUN,,NOT_AVAILABLE,,,,,,,0.0,0.0,0.0,log_ant_total,log_ant_total
JacksonDatabind,21,69,NOT_RUN,,NOT_RUN,,NOT_AVAILABLE,,,,,,,1.0,0.0,1.0,log_ant_total,log_ant_total
JacksonDatabind,22,27,NOT_RUN,,NOT_RUN,,NOT_AVAILABLE,,,,,,,0.0,0.0,0.0,log_ant_total,log_ant_total
JacksonDatabind,23,15,NOT_RUN,,NOT_RUN,,NOT_AVAILABLE,,,,,,,0.0,0.0,0.0,log_ant_total,log_ant_total
JacksonDatabind,24,28,NOT_RUN,,NOT_RUN,,NOT_AVAILABLE,,,,,,,0.0,0.0,0.0,log_ant_total,log_ant_total
JacksonDatabind,25,52,NOT_RUN,,NOT_RUN,,NOT_AVAILABLE,,,,,,,0.0,0.0,0.0,log_ant_total,log_ant_total
JacksonDatabind,26,32,NOT_RUN,,NOT_RUN,,NOT_AVAILABLE,,,,,,,0.0,0.0,0.0,log_ant_total,log_ant_total
JacksonDatabind,27,12,NOT_RUN,,NOT_RUN,,NOT_AVAILABLE,,,,,,,0.0,0.0,0.0,log_ant_total,log_ant_total
JacksonDatabind,28,32,NOT_RUN,,NOT_RUN,,NOT_AVAILABLE,,,,,,,0.0,0.0,0.0,log_ant_total,log_ant_total
JacksonDatabind,29,14,NOT_RUN,,NOT_RUN,,NOT_AVAILABLE,,,,,,,1.0,1.0,2.0,log_ant_total,log_ant_total
JacksonDatabind,3,13,NOT_RUN,,NOT_RUN,,NOT_AVAILABLE,,,,,,,0.0,0.0,0.0,log_ant_total,log_ant_total
JacksonDatabind,30,38,NOT_RUN,,NOT_RUN,,NOT_AVAILABLE,,,,,,,0.0,1.0,1.0,log_ant_total,log_ant_total
JacksonDatabind,31,16,NOT_RUN,,NOT_RUN,,NOT_AVAILABLE,,,,,,,0.0,0.0,0.0,log_ant_total,log_ant_total
JacksonDatabind,32,37,NOT_RUN,,NOT_RUN,,NOT_AVAILABLE,,,,,,,0.0,1.0,1.0,log_ant_total,log_ant_total
JacksonDatabind,33,42,NOT_RUN,,NOT_RUN,,NOT_AVAILABLE,,,,,,,1.0,1.0,2.0,log_ant_total,log_ant_total
JacksonDatabind,34,15,NOT_RUN,,NOT_RUN,,NOT_AVAILABLE,,,,,,,0.0,1.0,1.0,log_ant_total,log_ant_total
JacksonDatabind,35,9,NOT_RUN,,NOT_RUN,,NOT_AVAILABLE,,,,,,,0.0,1.0,1.0,log_ant_total,log_ant_total
JacksonDatabind,36,41,FAIL,19,FAIL,18,INCONCLUSIVE,193,163,84.46,130,92,70.77,,,,,
JacksonDatabind,37,18,PASS,0,PASS,0,NOT_REVEALING,67,48,71.64,32,22,68.75,,,,,
JacksonDatabind,38,55,NOT_RUN,,NOT_RUN,,NOT_AVAILABLE,,,,,,,1.0,1.0,2.0,log_ant_total,log_ant_total
JacksonDatabind,39,10,FAIL,2,FAIL,2,INCONCLUSIVE,7,7,100.0,2,2,100.0,,,,,
JacksonDatabind,4,11,NOT_RUN,,NOT_RUN,,NOT_AVAILABLE,,,,,,,0.0,0.0,0.0,log_ant_total,log_ant_total
JacksonDatabind,40,60,FAIL,9,FAIL,9,INCONCLUSIVE,219,149,68.04,130,83,63.85,,,,,
JacksonDatabind,41,35,NOT_RUN,,NOT_RUN,,NOT_AVAILABLE,,,,,,,0.0,0.0,0.0,log_ant_total,log_ant_total
JacksonDatabind,42,21,FAIL,1,FAIL,1,INCONCLUSIVE,110,97,88.18,79,66,83.54,,,,,
JacksonDatabind,43,11,NOT_RUN,,NOT_RUN,,NOT_AVAILABLE,,,,,,,0.0,1.0,1.0,log_ant_total,log_ant_total
JacksonDatabind,44,9,PASS,0,PASS,0,NOT_REVEALING,75,64,85.33,36,32,88.89,,,,,
JacksonDatabind,45,13,NOT_RUN,,NOT_RUN,,NOT_AVAILABLE,,,,,,,1.0,1.0,2.0,log_ant_total,log_ant_total
JacksonDatabind,46,11,NOT_RUN,,NOT_RUN,,NOT_AVAILABLE,,,,,,,1.0,0.0,1.0,log_ant_total,log_ant_total
JacksonDatabind,47,8,FAIL,1,FAIL,1,INCONCLUSIVE,179,52,29.05,44,0,0.0,,,,,
JacksonDatabind,48,34,NOT_RUN,,NOT_RUN,,NOT_AVAILABLE,,,,,,,1.0,1.0,2.0,log_ant_total,log_ant_total
JacksonDatabind,49,12,NOT_RUN,,NOT_RUN,,NOT_AVAILABLE,,,,,,,0.0,1.0,1.0,log_ant_total,log_ant_total
JacksonDatabind,5,27,FAIL,2,FAIL,2,INCONCLUSIVE,365,191,52.33,272,106,38.97,,,,,
JacksonDatabind,50,11,NOT_RUN,,NOT_RUN,,NOT_AVAILABLE,,,,,,,1.0,1.0,2.0,log_ant_total,log_ant_total
JacksonDatabind,51,10,NOT_RUN,,NOT_RUN,,NOT_AVAILABLE,,,,,,,0.0,0.0,0.0,log_ant_total,log_ant_total
JacksonDatabind,52,34,NOT_RUN,,NOT_RUN,,NOT_AVAILABLE,,,,,,,1.0,1.0,2.0,log_ant_total,log_ant_total
JacksonDatabind,53,32,FAIL,1,FAIL,1,INCONCLUSIVE,503,399,79.32,346,240,69.36,,,,,
JacksonDatabind,54,15,NOT_RUN,,NOT_RUN,,NOT_AVAILABLE,,,,,,,0.0,1.0,1.0,log_ant_total,log_ant_total
JacksonDatabind,55,14,FAIL,5,FAIL,6,INCONCLUSIVE,61,48,78.69,37,32,86.49,,,,,
JacksonDatabind,56,12,FAIL,1,FAIL,1,INCONCLUSIVE,112,106,94.64,81,74,91.36,,,,,
JacksonDatabind,57,17,FAIL,1,FAIL,1,INCONCLUSIVE,407,225,55.28,156,66,42.31,,,,,
JacksonDatabind,58,5,NOT_RUN,,NOT_RUN,,NOT_AVAILABLE,,,,,,,0.0,0.0,0.0,log_ant_total,log_ant_total
JacksonDatabind,59,60,NOT_RUN,,NOT_RUN,,NOT_AVAILABLE,,,,,,,1.0,0.0,1.0,log_ant_total,log_ant_total
JacksonDatabind,6,21,PASS,0,PASS,0,NOT_REVEALING,149,133,89.26,94,71,75.53,,,,,
JacksonDatabind,60,13,NOT_RUN,,NOT_RUN,,NOT_AVAILABLE,,,,,,,0.0,0.0,0.0,log_ant_total,log_ant_total
JacksonDatabind,61,25,NOT_RUN,,NOT_RUN,,NOT_AVAILABLE,,,,,,,0.0,0.0,0.0,log_ant_total,log_ant_total
JacksonDatabind,62,17,NOT_RUN,,NOT_RUN,,NOT_AVAILABLE,,,,,,,0.0,0.0,0.0,log_ant_total,log_ant_total
JacksonDatabind,63,14,FAIL,1,FAIL,1,INCONCLUSIVE,123,101,82.11,44,35,79.55,,,,,
JacksonDatabind,64,9,NOT_RUN,,NOT_RUN,,NOT_AVAILABLE,,,,,,,0.0,0.0,0.0,log_ant_total,log_ant_total
JacksonDatabind,66,17,PASS,0,PASS,0,NOT_REVEALING,156,83,53.21,95,62,65.26,,,,,
JacksonDatabind,67,14,NOT_RUN,,NOT_RUN,,NOT_AVAILABLE,,,,,,,1.0,1.0,2.0,log_ant_total,log_ant_total
JacksonDatabind,68,14,FAIL,14,FAIL,14,INCONCLUSIVE,592,1,0.17,369,0,0.0,,,,,
JacksonDatabind,69,7,NOT_RUN,,NOT_RUN,,NOT_AVAILABLE,,,,,,,0.0,0.0,0.0,log_ant_total,log_ant_total
JacksonDatabind,7,13,NOT_RUN,,NOT_RUN,,NOT_AVAILABLE,,,,,,,1.0,1.0,2.0,log_ant_total,log_ant_total
JacksonDatabind,70,21,NOT_RUN,,NOT_RUN,,NOT_AVAILABLE,,,,,,,0.0,0.0,0.0,log_ant_total,log_ant_total
JacksonDatabind,71,11,FAIL,1,FAIL,1,INCONCLUSIVE,149,120,80.54,95,79,83.16,,,,,
JacksonDatabind,72,11,NOT_RUN,,NOT_RUN,,NOT_AVAILABLE,,,,,,,0.0,0.0,0.0,log_ant_total,log_ant_total
JacksonDatabind,73,43,PASS,0,PASS,0,NOT_REVEALING,928,634,68.32,716,389,54.33,,,,,
JacksonDatabind,74,10,NOT_RUN,,NOT_RUN,,NOT_AVAILABLE,,,,,,,0.0,0.0,0.0,log_ant_total,log_ant_total
JacksonDatabind,75,15,NOT_RUN,,NOT_RUN,,NOT_AVAILABLE,,,,,,,0.0,0.0,0.0,log_ant_total,log_ant_total
JacksonDatabind,76,18,NOT_RUN,,NOT_RUN,,NOT_AVAILABLE,,,,,,,0.0,0.0,0.0,log_ant_total,log_ant_total
JacksonDatabind,77,10,NOT_RUN,,NOT_RUN,,NOT_AVAILABLE,,,,,,,0.0,0.0,0.0,log_ant_total,log_ant_total
JacksonDatabind,78,18,PASS,0,PASS,0,NOT_REVEALING,336,243,72.32,210,118,56.19,,,,,
JacksonDatabind,79,36,NOT_RUN,,NOT_RUN,,NOT_AVAILABLE,,,,,,,2.0,1.0,3.0,log_ant_total,log_ant_total
JacksonDatabind,8,12,NOT_RUN,,NOT_RUN,,NOT_AVAILABLE,,,,,,,0.0,0.0,0.0,log_ant_total,log_ant_total
JacksonDatabind,80,11,NOT_RUN,,NOT_RUN,,NOT_AVAILABLE,,,,,,,0.0,0.0,0.0,log_ant_total,log_ant_total
JacksonDatabind,81,30,NOT_RUN,,NOT_RUN,,NOT_AVAILABLE,,,,,,,1.0,0.0,1.0,log_ant_total,log_ant_total
JacksonDatabind,82,13,FAIL,1,FAIL,1,INCONCLUSIVE,353,244,69.12,212,105,49.53,,,,,
JacksonDatabind,83,10,FAIL,1,FAIL,1,INCONCLUSIVE,122,100,81.97,88,69,78.41,,,,,
JacksonDatabind,84,17,FAIL,2,FAIL,2,INCONCLUSIVE,30,29,96.67,14,14,100.0,,,,,
JacksonDatabind,85,10,NOT_RUN,,NOT_RUN,,NOT_AVAILABLE,,,,,,,0.0,0.0,0.0,log_ant_total,log_ant_total
JacksonDatabind,86,7,PASS,0,PASS,0,NOT_REVEALING,30,29,96.67,14,14,100.0,,,,,
JacksonDatabind,87,27,PASS,0,PASS,0,NOT_REVEALING,202,173,85.64,136,89,65.44,,,,,
JacksonDatabind,88,15,NOT_RUN,,NOT_RUN,,NOT_AVAILABLE,,,,,,,0.0,0.0,0.0,log_ant_total,log_ant_total
JacksonDatabind,9,7,FAIL,1,FAIL,1,INCONCLUSIVE,10,9,90.0,2,2,100.0,,,,,
JacksonDatabind,90,32,NOT_RUN,,NOT_RUN,,NOT_AVAILABLE,,,,,,,1.0,0.0,1.0,log_ant_total,log_ant_total
JacksonDatabind,91,7,NOT_RUN,,NOT_RUN,,NOT_AVAILABLE,,,,,,,1.0,0.0,1.0,log_ant_total,log_ant_total
JacksonDatabind,92,10,FAIL,4,FAIL,4,INCONCLUSIVE,342,57,16.67,204,22,10.78,,,,,
JacksonDatabind,93,5,FAIL,2,FAIL,2,INCONCLUSIVE,36,31,86.11,10,3,30.0,,,,,
JacksonDatabind,94,6,FAIL,1,FAIL,1,INCONCLUSIVE,35,30,85.71,14,5,35.71,,,,,
JacksonDatabind,95,34,NOT_RUN,,NOT_RUN,,NOT_AVAILABLE,,,,,,,0.0,0.0,0.0,log_ant_total,log_ant_total
JacksonDatabind,96,10,NOT_RUN,,NOT_RUN,,NOT_AVAILABLE,,,,,,,0.0,0.0,0.0,log_ant_total,log_ant_total
JacksonDatabind,97,8,NOT_RUN,,NOT_RUN,,NOT_AVAILABLE,,,,,,,0.0,0.0,0.0,log_ant_total,log_ant_total
JacksonDatabind,98,11,FAIL,1,FAIL,1,INCONCLUSIVE,207,106,51.21,92,31,33.7,,,,,
JacksonDatabind,99,31,NOT_RUN,,NOT_RUN,,NOT_AVAILABLE,,,,,,,1.0,1.0,2.0,log_ant_total,log_ant_total
JacksonXml,1,35,NOT_RUN,,NOT_RUN,,NOT_AVAILABLE,,,,,,,1.0,0.0,1.0,log_ant_total,log_ant_total
JacksonXml,2,18,NOT_RUN,,NOT_RUN,,NOT_AVAILABLE,,,,,,,0.0,0.0,0.0,log_ant_total,log_ant_total
JacksonXml,3,57,NOT_RUN,,NOT_RUN,,NOT_AVAILABLE,,,,,,,1.0,1.0,2.0,log_ant_total,log_ant_total
JacksonXml,4,18,NOT_RUN,,NOT_RUN,,NOT_AVAILABLE,,,,,,,1.0,0.0,1.0,log_ant_total,log_ant_total
JacksonXml,5,35,NOT_RUN,,NOT_RUN,,NOT_AVAILABLE,,,,,,,1.0,1.0,2.0,log_ant_total,log_ant_total
JacksonXml,6,98,NOT_RUN,,NOT_RUN,,NOT_AVAILABLE,,,,,,,0.0,1.0,1.0,log_ant_total,log_ant_total
Jsoup,1,20,FAIL,4,FAIL,5,INCONCLUSIVE,46,45,97.83,18,17,94.44,,,,,
Jsoup,10,47,NOT_RUN,,NOT_RUN,,NOT_AVAILABLE,,,,,,,0.0,0.0,0.0,log_ant_total,log_ant_total
Jsoup,11,31,FAIL,8,FAIL,7,INCONCLUSIVE,198,161,81.31,120,83,69.17,,,,,
Jsoup,12,38,FAIL,14,FAIL,14,INCONCLUSIVE,218,207,94.95,132,118,89.39,,,,,
Jsoup,13,58,NOT_RUN,,NOT_RUN,,NOT_AVAILABLE,,,,,,,0.0,0.0,0.0,log_ant_total,log_ant_total
Jsoup,14,90,NOT_RUN,,NOT_RUN,,NOT_AVAILABLE,,,,,,,0.0,0.0,0.0,log_ant_total,log_ant_total
Jsoup,15,8,NOT_RUN,,NOT_RUN,,NOT_AVAILABLE,,,,,,,0.0,0.0,0.0,log_ant_total,log_ant_total
Jsoup,16,9,FAIL,2,FAIL,3,INCONCLUSIVE,14,14,100.0,4,4,100.0,,,,,
Jsoup,17,34,NOT_RUN,,NOT_RUN,,NOT_AVAILABLE,,,,,,,0.0,0.0,0.0,log_ant_total,log_ant_total
Jsoup,18,87,FAIL,10,FAIL,7,INCONCLUSIVE,97,96,98.97,82,68,82.93,,,,,
Jsoup,19,19,NOT_RUN,,NOT_RUN,,NOT_AVAILABLE,,,,,,,0.0,0.0,0.0,log_ant_total,log_ant_total
Jsoup,2,15,NOT_RUN,,NOT_RUN,,NOT_AVAILABLE,,,,,,,0.0,0.0,0.0,log_ant_total,log_ant_total
Jsoup,20,24,FAIL,3,FAIL,2,INCONCLUSIVE,44,43,97.73,22,19,86.36,,,,,
Jsoup,21,23,PASS,0,FAIL,1,INCONCLUSIVE,189,188,99.47,96,95,98.96,,,,,
Jsoup,22,109,NOT_RUN,,NOT_RUN,,NOT_AVAILABLE,,,,,,,0.0,0.0,0.0,log_ant_total,log_ant_total
Jsoup,23,53,NOT_RUN,,NOT_RUN,,NOT_AVAILABLE,,,,,,,0.0,0.0,0.0,log_ant_total,log_ant_total
Jsoup,24,5,NOT_RUN,,NOT_RUN,,NOT_AVAILABLE,,,,,,,0.0,0.0,0.0,log_ant_total,log_ant_total
Jsoup,25,13,NOT_RUN,,NOT_RUN,,NOT_AVAILABLE,,,,,,,0.0,0.0,0.0,log_ant_total,log_ant_total
Jsoup,26,14,NOT_RUN,,NOT_RUN,,NOT_AVAILABLE,,,,,,,0.0,0.0,0.0,log_ant_total,log_ant_total
Jsoup,27,15,NOT_RUN,,NOT_RUN,,NOT_AVAILABLE,,,,,,,0.0,0.0,0.0,log_ant_total,log_ant_total
Jsoup,28,74,NOT_RUN,,NOT_RUN,,NOT_AVAILABLE,,,,,,,0.0,0.0,0.0,log_ant_total,log_ant_total
Jsoup,29,37,NOT_RUN,,NOT_RUN,,NOT_AVAILABLE,,,,,,,0.0,0.0,0.0,log_ant_total,log_ant_total
Jsoup,3,153,NOT_RUN,,NOT_RUN,,NOT_AVAILABLE,,,,,,,0.0,0.0,0.0,log_ant_total,log_ant_total
Jsoup,30,15,FAIL,2,FAIL,2,INCONCLUSIVE,50,50,100.0,16,16,100.0,,,,,
Jsoup,31,86,NOT_RUN,,NOT_RUN,,NOT_AVAILABLE,,,,,,,0.0,0.0,0.0,log_ant_total,log_ant_total
Jsoup,32,29,FAIL,1,FAIL,1,INCONCLUSIVE,303,229,75.58,140,79,56.43,,,,,
Jsoup,33,33,FAIL,7,FAIL,7,INCONCLUSIVE,393,188,47.84,202,79,39.11,,,,,
Jsoup,34,28,FAIL,9,FAIL,9,INCONCLUSIVE,136,133,97.79,130,107,82.31,,,,,
Jsoup,35,31,NOT_RUN,,NOT_RUN,,NOT_AVAILABLE,,,,,,,0.0,0.0,0.0,log_ant_total,log_ant_total
Jsoup,36,18,FAIL,2,FAIL,2,INCONCLUSIVE,60,50,83.33,38,29,76.32,,,,,
Jsoup,37,51,FAIL,7,FAIL,7,INCONCLUSIVE,307,242,78.83,152,95,62.5,,,,,
Jsoup,38,25,NOT_RUN,,NOT_RUN,,NOT_AVAILABLE,,,,,,,0.0,0.0,0.0,log_ant_total,log_ant_total
Jsoup,39,30,FAIL,3,FAIL,3,INCONCLUSIVE,75,66,88.0,46,33,71.74,,,,,
Jsoup,4,13,PASS,0,FAIL,2,INCONCLUSIVE,,,,,,,,,,,
Jsoup,40,13,FAIL,4,FAIL,5,INCONCLUSIVE,17,17,100.0,6,6,100.0,,,,,
Jsoup,41,55,FAIL,1,FAIL,3,INCONCLUSIVE,326,253,77.61,174,98,56.32,,,,,
Jsoup,42,16,NOT_RUN,,NOT_RUN,,NOT_AVAILABLE,,,,,,,0.0,0.0,0.0,log_ant_total,log_ant_total
Jsoup,43,54,NOT_RUN,,NOT_RUN,,NOT_AVAILABLE,,,,,,,0.0,0.0,0.0,log_ant_total,log_ant_total
Jsoup,44,12,NOT_RUN,,NOT_RUN,,NOT_AVAILABLE,,,,,,,0.0,0.0,0.0,log_ant_total,log_ant_total
Jsoup,45,31,NOT_RUN,,NOT_RUN,,NOT_AVAILABLE,,,,,,,0.0,0.0,0.0,log_ant_total,log_ant_total
Jsoup,46,27,FAIL,16,FAIL,16,INCONCLUSIVE,118,94,79.66,51,32,62.75,,,,,
Jsoup,47,13,PASS,0,PASS,0,NOT_REVEALING,118,114,96.61,51,49,96.08,,,,,
Jsoup,48,65,NOT_RUN,,NOT_RUN,,NOT_AVAILABLE,,,,,,,0.0,0.0,0.0,log_ant_total,log_ant_total
Jsoup,49,57,NOT_RUN,,NOT_RUN,,NOT_AVAILABLE,,,,,,,0.0,0.0,0.0,log_ant_total,log_ant_total
Jsoup,5,6,PASS,0,PASS,0,NOT_REVEALING,172,111,64.53,92,45,48.91,,,,,
Jsoup,50,26,FAIL,1,FAIL,1,INCONCLUSIVE,90,87,96.67,50,43,86.0,,,,,
Jsoup,51,51,FAIL,9,FAIL,9,INCONCLUSIVE,195,188,96.41,186,149,80.11,,,,,
Jsoup,52,56,NOT_RUN,,NOT_RUN,,NOT_AVAILABLE,,,,,,,0.0,0.0,0.0,log_ant_total,log_ant_total
Jsoup,53,44,FAIL,12,FAIL,11,INCONCLUSIVE,130,117,90.0,108,88,81.48,,,,,
Jsoup,54,11,NOT_RUN,,NOT_RUN,,NOT_AVAILABLE,,,,,,,0.0,0.0,0.0,log_ant_total,log_ant_total
Jsoup,55,15,NOT_RUN,,NOT_RUN,,NOT_AVAILABLE,,,,,,,0.0,0.0,0.0,log_ant_total,log_ant_total
Jsoup,56,123,NOT_RUN,,NOT_RUN,,NOT_AVAILABLE,,,,,,,0.0,0.0,0.0,log_ant_total,log_ant_total
Jsoup,57,59,PASS,0,PASS,0,NOT_REVEALING,127,120,94.49,76,71,93.42,,,,,
Jsoup,58,72,FAIL,13,FAIL,13,INCONCLUSIVE,127,123,96.85,32,32,100.0,,,,,
Jsoup,59,16,PASS,0,PASS,0,NOT_REVEALING,160,158,98.75,44,41,93.18,,,,,
Jsoup,6,19,PASS,0,PASS,0,NOT_REVEALING,,,,,,,,,,,
Jsoup,60,57,FAIL,3,FAIL,3,INCONCLUSIVE,365,278,76.16,258,182,70.54,,,,,
Jsoup,61,36,NOT_RUN,,NOT_RUN,,NOT_AVAILABLE,,,,,,,0.0,0.0,0.0,log_ant_total,log_ant_total
Jsoup,62,63,NOT_RUN,,NOT_RUN,,NOT_AVAILABLE,,,,,,,0.0,0.0,0.0,log_ant_total,log_ant_total
Jsoup,63,59,NOT_RUN,,NOT_RUN,,NOT_AVAILABLE,,,,,,,0.0,0.0,0.0,log_ant_total,log_ant_total
Jsoup,64,67,NOT_RUN,,NOT_RUN,,NOT_AVAILABLE,,,,,,,0.0,0.0,0.0,log_ant_total,log_ant_total
Jsoup,65,53,NOT_RUN,,NOT_RUN,,NOT_AVAILABLE,,,,,,,0.0,0.0,0.0,log_ant_total,log_ant_total
Jsoup,66,93,NOT_RUN,,NOT_RUN,,NOT_AVAILABLE,,,,,,,0.0,0.0,0.0,log_ant_total,log_ant_total
Jsoup,67,37,FAIL,3,FAIL,3,INCONCLUSIVE,381,293,76.9,200,118,59.0,,,,,
Jsoup,68,29,NOT_RUN,,NOT_RUN,,NOT_AVAILABLE,,,,,,,0.0,0.0,0.0,log_ant_total,log_ant_total
Jsoup,69,20,FAIL,1,FAIL,1,INCONCLUSIVE,38,35,92.11,28,24,85.71,,,,,
Jsoup,7,20,PASS,0,PASS,0,NOT_REVEALING,80,79,98.75,26,26,100.0,,,,,
Jsoup,70,67,NOT_RUN,,NOT_RUN,,NOT_AVAILABLE,,,,,,,0.0,0.0,0.0,log_ant_total,log_ant_total
Jsoup,71,50,FAIL,2,FAIL,2,INCONCLUSIVE,430,304,70.7,248,156,62.9,,,,,
Jsoup,72,68,FAIL,10,FAIL,10,INCONCLUSIVE,228,216,94.74,198,159,80.3,,,,,
Jsoup,73,13,PASS,0,PASS,0,NOT_REVEALING,71,65,91.55,28,24,85.71,,,,,
Jsoup,74,70,FAIL,6,FAIL,6,INCONCLUSIVE,83,76,91.57,74,67,90.54,,,,,
Jsoup,75,35,FAIL,5,FAIL,5,INCONCLUSIVE,166,161,96.99,84,75,89.29,,,,,
Jsoup,76,31,NOT_RUN,,NOT_RUN,,NOT_AVAILABLE,,,,,,,0.0,0.0,0.0,log_ant_total,log_ant_total
Jsoup,77,14,PASS,0,PASS,0,NOT_REVEALING,69,68,98.55,31,26,83.87,,,,,
Jsoup,78,24,FAIL,3,FAIL,3,INCONCLUSIVE,109,82,75.23,88,38,43.18,,,,,
Jsoup,79,15,NOT_RUN,,NOT_RUN,,NOT_AVAILABLE,,,,,,,0.0,0.0,0.0,log_ant_total,log_ant_total
Jsoup,8,41,FAIL,1,FAIL,1,INCONCLUSIVE,139,122,87.77,40,29,72.5,,,,,
Jsoup,80,18,NOT_RUN,,NOT_RUN,,NOT_AVAILABLE,,,,,,,0.0,0.0,0.0,log_ant_total,log_ant_total
Jsoup,81,20,PASS,0,PASS,0,NOT_REVEALING,117,104,88.89,94,54,57.45,,,,,
Jsoup,82,15,FAIL,1,FAIL,1,INCONCLUSIVE,113,90,79.65,96,44,45.83,,,,,
Jsoup,83,86,NOT_RUN,,NOT_RUN,,NOT_AVAILABLE,,,,,,,0.0,0.0,0.0,log_ant_total,log_ant_total
Jsoup,84,8,PASS,0,PASS,0,NOT_REVEALING,76,71,93.42,28,25,89.29,,,,,
Jsoup,85,39,FAIL,4,FAIL,4,INCONCLUSIVE,65,59,90.77,50,37,74.0,,,,,
Jsoup,86,15,FAIL,2,FAIL,1,INCONCLUSIVE,27,25,92.59,10,8,80.0,,,,,
Jsoup,87,125,NOT_RUN,,NOT_RUN,,NOT_AVAILABLE,,,,,,,0.0,0.0,0.0,log_ant_total,log_ant_total
Jsoup,88,20,PASS,0,PASS,0,NOT_REVEALING,66,58,87.88,50,36,72.0,,,,,
Jsoup,89,24,FAIL,2,FAIL,3,INCONCLUSIVE,66,59,89.39,50,38,76.0,,,,,
Jsoup,9,19,PASS,0,PASS,0,NOT_REVEALING,,,,,,,,,,,
Jsoup,90,51,NOT_RUN,,NOT_RUN,,NOT_AVAILABLE,,,,,,,0.0,0.0,0.0,log_ant_total,log_ant_total
Jsoup,91,86,NOT_RUN,,NOT_RUN,,NOT_AVAILABLE,,,,,,,0.0,0.0,0.0,log_ant_total,log_ant_total
Jsoup,92,123,NOT_RUN,,NOT_RUN,,NOT_AVAILABLE,,,,,,,0.0,0.0,0.0,log_ant_total,log_ant_total
Jsoup,93,8,PASS,0,PASS,0,NOT_REVEALING,41,38,92.68,28,28,100.0,,,,,
JxPath,1,135,NOT_RUN,,NOT_RUN,,NOT_AVAILABLE,,,,,,,1.0,1.0,2.0,log_ant_total,log_ant_total
JxPath,10,13,NOT_RUN,,NOT_RUN,,NOT_AVAILABLE,,,,,,,1.0,1.0,2.0,log_ant_total,log_ant_total
JxPath,11,25,NOT_RUN,,NOT_RUN,,NOT_AVAILABLE,,,,,,,1.0,1.0,2.0,log_ant_total,log_ant_total
JxPath,12,37,NOT_RUN,,NOT_RUN,,NOT_AVAILABLE,,,,,,,1.0,0.0,1.0,log_ant_total,log_ant_total
JxPath,13,84,NOT_RUN,,NOT_RUN,,NOT_AVAILABLE,,,,,,,1.0,1.0,2.0,log_ant_total,log_ant_total
JxPath,14,72,NOT_RUN,,NOT_RUN,,NOT_AVAILABLE,,,,,,,1.0,1.0,2.0,log_ant_total,log_ant_total
JxPath,15,9,NOT_RUN,,NOT_RUN,,NOT_AVAILABLE,,,,,,,1.0,1.0,2.0,log_ant_total,log_ant_total
JxPath,16,165,NOT_RUN,,NOT_RUN,,NOT_AVAILABLE,,,,,,,1.0,1.0,2.0,log_ant_total,log_ant_total
JxPath,17,27,NOT_RUN,,NOT_RUN,,NOT_AVAILABLE,,,,,,,1.0,1.0,2.0,log_ant_total,log_ant_total
JxPath,18,11,NOT_RUN,,NOT_RUN,,NOT_AVAILABLE,,,,,,,1.0,1.0,2.0,log_ant_total,log_ant_total
JxPath,19,143,NOT_RUN,,NOT_RUN,,NOT_AVAILABLE,,,,,,,1.0,1.0,2.0,log_ant_total,log_ant_total
JxPath,2,20,NOT_RUN,,NOT_RUN,,NOT_AVAILABLE,,,,,,,1.0,1.0,2.0,log_ant_total,log_ant_total
JxPath,20,13,NOT_RUN,,NOT_RUN,,NOT_AVAILABLE,,,,,,,1.0,0.0,1.0,log_ant_total,log_ant_total
JxPath,21,42,NOT_RUN,,NOT_RUN,,NOT_AVAILABLE,,,,,,,1.0,0.0,1.0,log_ant_total,log_ant_total
JxPath,22,66,NOT_RUN,,NOT_RUN,,NOT_AVAILABLE,,,,,,,0.0,0.0,0.0,log_ant_total,log_ant_total
JxPath,3,10,FAIL,1,FAIL,1,INCONCLUSIVE,77,53,68.83,26,13,50.0,,,,,
JxPath,4,115,NOT_RUN,,NOT_RUN,,NOT_AVAILABLE,,,,,,,0.0,1.0,1.0,log_ant_total,log_ant_total
JxPath,5,67,NOT_RUN,,NOT_RUN,,NOT_AVAILABLE,,,,,,,1.0,1.0,2.0,log_ant_total,log_ant_total
JxPath,6,17,NOT_RUN,,NOT_RUN,,NOT_AVAILABLE,,,,,,,1.0,1.0,2.0,log_ant_total,log_ant_total
JxPath,7,49,NOT_RUN,,NOT_RUN,,NOT_AVAILABLE,,,,,,,1.0,0.0,1.0,log_ant_total,log_ant_total
JxPath,8,16,NOT_RUN,,NOT_RUN,,NOT_AVAILABLE,,,,,,,1.0,0.0,1.0,log_ant_total,log_ant_total
JxPath,9,61,NOT_RUN,,NOT_RUN,,NOT_AVAILABLE,,,,,,,1.0,1.0,2.0,log_ant_total,log_ant_total
Lang,1,13,PASS,0,PASS,0,NOT_REVEALING,375,301,80.27,338,205,60.65,,,,,
Lang,10,17,PASS,0,PASS,0,NOT_REVEALING,279,228,81.72,127,88,69.29,,,,,
Lang,11,18,PASS,0,PASS,0,NOT_REVEALING,56,48,85.71,54,49,90.74,,,,,
Lang,12,29,NOT_RUN,,NOT_RUN,,NOT_AVAILABLE,,,,,,,,,,,
Lang,13,21,FAIL,6,FAIL,6,INCONCLUSIVE,64,44,68.75,14,12,85.71,,,,,
Lang,14,135,FAIL,18,FAIL,18,INCONCLUSIVE,1292,985,76.24,1141,806,70.64,,,,,
Lang,15,27,FAIL,1,FAIL,1,INCONCLUSIVE,297,175,58.92,284,144,50.7,,,,,
Lang,16,51,FAIL,6,FAIL,6,INCONCLUSIVE,375,290,77.33,358,222,62.01,,,,,
Lang,17,9,NOT_RUN,,NOT_RUN,,NOT_AVAILABLE,,,,,,,0.0,0.0,0.0,log_ant_total,log_ant_total
Lang,19,20,FAIL,6,FAIL,4,INCONCLUSIVE,27,27,100.0,18,17,94.44,,,,,
Lang,20,33,PASS,0,PASS,0,NOT_REVEALING,1298,569,43.84,1149,399,34.73,,,,,
Lang,21,18,NOT_RUN,,NOT_RUN,,NOT_AVAILABLE,,,,,,,0.0,1.0,1.0,log_ant_total,log_ant_total
Lang,22,25,NOT_RUN,,NOT_RUN,,NOT_AVAILABLE,,,,,,,0.0,0.0,0.0,log_ant_total,log_ant_total
Lang,23,28,FAIL,5,FAIL,5,INCONCLUSIVE,167,87,52.1,99,30,30.3,,,,,
Lang,24,24,FAIL,3,FAIL,3,INCONCLUSIVE,376,244,64.89,356,161,45.22,,,,,
Lang,26,69,FAIL,2,FAIL,2,INCONCLUSIVE,465,397,85.38,228,156,68.42,,,,,
Lang,27,29,FAIL,2,FAIL,2,INCONCLUSIVE,374,265,70.86,352,197,55.97,,,,,
Lang,28,15,FAIL,6,FAIL,6,INCONCLUSIVE,20,19,95.0,14,12,85.71,,,,,
Lang,29,13,PASS,0,PASS,0,NOT_REVEALING,141,131,92.91,50,43,86.0,,,,,
Lang,3,63,FAIL,2,FAIL,2,INCONCLUSIVE,373,245,65.68,334,176,52.69,,,,,
Lang,30,128,NOT_RUN,,NOT_RUN,,NOT_AVAILABLE,,,,,,,1.0,1.0,2.0,log_ant_total,log_ant_total
Lang,31,21,FAIL,3,FAIL,3,INCONCLUSIVE,1178,251,21.31,1045,187,17.89,,,,,
Lang,32,50,FAIL,1,FAIL,1,INCONCLUSIVE,146,120,82.19,86,68,79.07,,,,,
Lang,33,20,NOT_RUN,,NOT_RUN,,NOT_AVAILABLE,,,,,,,0.0,0.0,0.0,log_ant_total,log_ant_total
Lang,34,97,FAIL,4,FAIL,100,INCONCLUSIVE,515,452,87.77,216,156,72.22,,,,,
Lang,35,16,FAIL,1,FAIL,1,INCONCLUSIVE,964,160,16.6,806,110,13.65,,,,,
Lang,36,89,NOT_RUN,,NOT_RUN,,NOT_AVAILABLE,,,,,,,0.0,0.0,0.0,log_ant_total,log_ant_total
Lang,37,62,PASS,0,PASS,0,NOT_REVEALING,951,214,22.5,804,135,16.79,,,,,
Lang,38,28,FAIL,1,PASS,0,REVEALING,464,360,77.59,228,136,59.65,,,,,
Lang,39,26,FAIL,2,FAIL,2,INCONCLUSIVE,1126,260,23.09,1005,220,21.89,,,,,
Lang,4,16,FAIL,1,FAIL,1,INCONCLUSIVE,25,25,100.0,14,14,100.0,,,,,
Lang,40,20,FAIL,4,FAIL,4,INCONCLUSIVE,1096,274,25.0,997,209,20.96,,,,,
Lang,41,78,NOT_RUN,,NOT_RUN,,NOT_AVAILABLE,,,,,,,0.0,0.0,0.0,log_ant_total,log_ant_total
Lang,42,30,FAIL,1,FAIL,1,INCONCLUSIVE,207,117,56.52,64,38,59.38,,,,,
Lang,43,23,NOT_RUN,,NOT_RUN,,NOT_AVAILABLE,,,,,,,0.0,0.0,0.0,log_ant_total,log_ant_total
Lang,44,37,FAIL,14,FAIL,14,INCONCLUSIVE,190,124,65.26,216,93,43.06,,,,,
Lang,45,47,FAIL,7,FAIL,7,INCONCLUSIVE,138,131,94.93,102,97,95.1,,,,,
Lang,46,48,FAIL,1,FAIL,2,INCONCLUSIVE,221,164,74.21,107,88,82.24,,,,,
Lang,47,29,NOT_RUN,,NOT_RUN,,NOT_AVAILABLE,,,,,,,0.0,0.0,0.0,log_ant_total,log_ant_total
Lang,49,56,FAIL,4,FAIL,4,INCONCLUSIVE,276,258,93.48,184,148,80.43,,,,,
Lang,5,22,FAIL,3,FAIL,3,INCONCLUSIVE,82,77,93.9,56,49,87.5,,,,,
Lang,50,33,FAIL,1,FAIL,1,INCONCLUSIVE,467,353,75.59,232,127,54.74,,,,,
Lang,51,33,FAIL,2,FAIL,2,INCONCLUSIVE,171,155,90.64,212,161,75.94,,,,,
Lang,52,45,NOT_RUN,,NOT_RUN,,NOT_AVAILABLE,,,,,,,0.0,0.0,0.0,log_ant_total,log_ant_total
Lang,53,50,NOT_RUN,,NOT_RUN,,NOT_AVAILABLE,,,,,,,0.0,0.0,0.0,log_ant_total,log_ant_total
Lang,54,30,FAIL,3,FAIL,3,INCONCLUSIVE,79,75,94.94,64,52,81.25,,,,,
Lang,55,19,FAIL,7,FAIL,7,INCONCLUSIVE,57,53,92.98,26,23,88.46,,,,,
Lang,56,17,PASS,0,PASS,0,NOT_REVEALING,464,316,68.1,232,124,53.45,,,,,
Lang,57,25,FAIL,1,FAIL,1,INCONCLUSIVE,79,77,97.47,64,53,82.81,,,,,
Lang,58,56,FAIL,2,FAIL,2,INCONCLUSIVE,435,351,80.69,420,289,68.81,,,,,
Lang,59,73,NOT_RUN,,NOT_RUN,,NOT_AVAILABLE,,,,,,,1.0,0.0,1.0,log_ant_total,log_ant_total
Lang,6,13,FAIL,2,FAIL,2,INCONCLUSIVE,30,30,100.0,12,12,100.0,,,,,
Lang,60,84,NOT_RUN,,NOT_RUN,,NOT_AVAILABLE,,,,,,,0.0,1.0,1.0,log_ant_total,log_ant_total
Lang,61,170,NOT_RUN,,NOT_RUN,,NOT_AVAILABLE,,,,,,,1.0,1.0,2.0,log_ant_total,log_ant_total
Lang,62,34,FAIL,1,FAIL,1,INCONCLUSIVE,241,145,60.17,90,54,60.0,,,,,
Lang,63,17,FAIL,9,FAIL,9,INCONCLUSIVE,252,160,63.49,135,82,60.74,,,,,
Lang,64,9,FAIL,8,FAIL,8,INCONCLUSIVE,18,4,22.22,8,0,0.0,,,,,
Lang,65,34,NOT_RUN,,NOT_RUN,,NOT_AVAILABLE,,,,,,,0.0,0.0,0.0,log_ant_total,log_ant_total
Lang,7,34,FAIL,2,FAIL,2,INCONCLUSIVE,380,275,72.37,366,200,54.64,,,,,
Lang,8,29,PASS,0,PASS,0,NOT_REVEALING,337,212,62.91,150,80,53.33,,,,,
Lang,9,21,FAIL,4,FAIL,4,INCONCLUSIVE,273,216,79.12,123,85,69.11,,,,,
Math,1,104,FAIL,8,FAIL,8,INCONCLUSIVE,425,361,84.94,192,151,78.65,,,,,
Math,10,46,FAIL,4,FAIL,4,INCONCLUSIVE,552,451,81.7,286,189,66.08,,,,,
Math,100,14,NOT_RUN,,NOT_RUN,,NOT_AVAILABLE,,,,,,,1.0,1.0,2.0,log_ant_total,log_ant_total
Math,101,40,PASS,0,PASS,0,NOT_REVEALING,143,136,95.1,52,49,94.23,,,,,
Math,102,29,PASS,0,FAIL,1,INCONCLUSIVE,111,110,99.1,86,78,90.7,,,,,
Math,103,33,FAIL,5,FAIL,3,INCONCLUSIVE,37,37,100.0,14,14,100.0,,,,,
Math,104,14,FAIL,1,FAIL,1,INCONCLUSIVE,47,42,89.36,40,36,90.0,,,,,
Math,105,23,FAIL,8,FAIL,8,INCONCLUSIVE,71,71,100.0,18,18,100.0,,,,,
Math,106,17,FAIL,7,FAIL,7,INCONCLUSIVE,57,51,89.47,15,12,80.0,,,,,
Math,11,14,FAIL,2,FAIL,1,INCONCLUSIVE,59,59,100.0,28,28,100.0,,,,,
Math,12,21,FAIL,5,FAIL,5,INCONCLUSIVE,48,46,95.83,14,12,85.71,,,,,
Math,13,15,NOT_RUN,,NOT_RUN,,NOT_AVAILABLE,,,,,,,1.0,1.0,2.0,log_ant_total,log_ant_total
Math,14,15,FAIL,2,FAIL,1,INCONCLUSIVE,51,50,98.04,14,14,100.0,,,,,
Math,15,32,FAIL,1,FAIL,1,INCONCLUSIVE,1497,796,53.17,798,267,33.46,,,,,
Math,16,37,FAIL,6,FAIL,6,INCONCLUSIVE,1484,837,56.4,790,288,36.46,,,,,
Math,17,25,FAIL,2,FAIL,2,INCONCLUSIVE,1029,638,62.0,738,420,56.91,,,,,
Math,18,9,PASS,0,PASS,0,NOT_REVEALING,507,432,85.21,276,193,69.93,,,,,
Math,19,13,PASS,0,PASS,0,NOT_REVEALING,498,451,90.56,272,210,77.21,,,,,
Math,2,25,FAIL,1,FAIL,1,INCONCLUSIVE,74,73,98.65,26,23,88.46,,,,,
Math,20,9,PASS,0,PASS,0,NOT_REVEALING,497,428,86.12,268,205,76.49,,,,,
Math,21,10,FAIL,2,FAIL,2,INCONCLUSIVE,52,52,100.0,28,28,100.0,,,,,
Math,22,29,FAIL,1,FAIL,3,INCONCLUSIVE,86,86,100.0,22,21,95.45,,,,,
Math,23,7,PASS,0,PASS,0,NOT_REVEALING,120,111,92.5,74,58,78.38,,,,,
Math,24,7,FAIL,1,PASS,0,REVEALING,119,102,85.71,74,48,64.86,,,,,
Math,25,9,FAIL,1,FAIL,2,INCONCLUSIVE,94,89,94.68,28,26,92.86,,,,,
Math,26,39,FAIL,1,FAIL,1,INCONCLUSIVE,183,177,96.72,94,86,91.49,,,,,
Math,27,47,FAIL,47,FAIL,47,INCONCLUSIVE,183,28,15.3,94,8,8.51,,,,,
Math,28,7,NOT_RUN,,NOT_RUN,,NOT_AVAILABLE,,,,,,,1.0,1.0,2.0,log_ant_total,log_ant_total
Math,29,36,FAIL,2,FAIL,2,INCONCLUSIVE,321,268,83.49,134,101,75.37,,,,,
Math,3,74,FAIL,3,FAIL,3,INCONCLUSIVE,419,282,67.3,234,190,81.2,,,,,
Math,30,13,FAIL,1,FAIL,1,INCONCLUSIVE,34,34,100.0,10,10,100.0,,,,,
Math,31,25,FAIL,5,FAIL,5,INCONCLUSIVE,59,55,93.22,30,22,73.33,,,,,
Math,32,9,NOT_RUN,,NOT_RUN,,NOT_AVAILABLE,,,,,,,1.0,1.0,2.0,log_ant_total,log_ant_total
Math,33,12,NOT_RUN,,NOT_RUN,,NOT_AVAILABLE,,,,,,,1.0,1.0,2.0,log_ant_total,log_ant_total
Math,34,23,NOT_RUN,,NOT_RUN,,NOT_AVAILABLE,,,,,,,1.0,1.0,2.0,log_ant_total,log_ant_total
Math,35,14,NOT_RUN,,NOT_RUN,,NOT_AVAILABLE,,,,,,,1.0,1.0,2.0,log_ant_total,log_ant_total
Math,36,89,FAIL,1,FAIL,1,INCONCLUSIVE,230,215,93.48,92,79,85.87,,,,,
Math,37,30,FAIL,2,FAIL,2,INCONCLUSIVE,220,195,88.64,158,113,71.52,,,,,
Math,38,6,NOT_RUN,,NOT_RUN,,NOT_AVAILABLE,,,,,,,1.0,0.0,1.0,log_ant_total,log_ant_total
Math,39,8,PASS,0,PASS,0,NOT_REVEALING,107,106,99.07,48,47,97.92,,,,,
Math,4,20,NOT_RUN,,NOT_RUN,,NOT_AVAILABLE,,,,,,,1.0,1.0,2.0,log_ant_total,log_ant_total
Math,40,17,FAIL,1,FAIL,1,INCONCLUSIVE,126,101,80.16,66,45,68.18,,,,,
Math,41,34,FAIL,6,FAIL,6,INCONCLUSIVE,112,103,91.96,46,33,71.74,,,,,
Math,42,14,FAIL,6,FAIL,6,INCONCLUSIVE,182,130,71.43,120,68,56.67,,,,,
Math,43,22,FAIL,3,FAIL,3,INCONCLUSIVE,192,172,89.58,58,34,58.62,,,,,
Math,44,11,NOT_RUN,,NOT_RUN,,NOT_AVAILABLE,,,,,,,1.0,1.0,2.0,log_ant_total,log_ant_total
Math,45,12,FAIL,2,FAIL,2,INCONCLUSIVE,97,93,95.88,22,21,95.45,,,,,
Math,46,68,PASS,0,FAIL,2,INCONCLUSIVE,202,158,78.22,148,109,73.65,,,,,
Math,47,78,PASS,0,FAIL,2,INCONCLUSIVE,201,162,80.6,142,107,75.35,,,,,
Math,48,13,PASS,0,PASS,0,NOT_REVEALING,73,56,76.71,46,29,63.04,,,,,
Math,49,19,PASS,0,PASS,0,NOT_REVEALING,378,354,93.65,152,135,88.82,,,,,
Math,5,41,PASS,0,FAIL,1,INCONCLUSIVE,226,145,64.16,170,93,54.71,,,,,
Math,50,10,FAIL,1,FAIL,1,INCONCLUSIVE,75,59,78.67,48,29,60.42,,,,,
Math,51,15,FAIL,1,FAIL,1,INCONCLUSIVE,71,57,80.28,45,23,51.11,,,,,
Math,52,19,PASS,0,PASS,0,NOT_REVEALING,367,341,92.92,122,89,72.95,,,,,
Math,53,20,PASS,0,PASS,0,NOT_REVEALING,170,167,98.24,114,100,87.72,,,,,
Math,54,13,FAIL,2,PASS,0,REVEALING,996,737,74.0,694,458,65.99,,,,,
Math,55,16,PASS,0,PASS,0,NOT_REVEALING,116,116,100.0,48,40,83.33,,,,,
Math,56,27,FAIL,8,FAIL,4,INCONCLUSIVE,75,74,98.67,34,32,94.12,,,,,
Math,57,8,PASS,0,PASS,0,NOT_REVEALING,120,117,97.5,54,49,90.74,,,,,
Math,58,7,PASS,0,PASS,0,NOT_REVEALING,94,64,68.09,58,36,62.07,,,,,
Math,59,103,FAIL,4,FAIL,4,INCONCLUSIVE,1549,1090,70.37,652,284,43.56,,,,,
Math,6,57,NOT_RUN,,NOT_RUN,,NOT_AVAILABLE,,,,,,,1.0,1.0,2.0,log_ant_total,log_ant_total
Math,60,13,PASS,0,PASS,0,NOT_REVEALING,47,41,87.23,18,14,77.78,,,,,
Math,61,17,PASS,0,PASS,0,NOT_REVEALING,34,28,82.35,12,12,100.0,,,,,
Math,62,8,PASS,0,PASS,0,NOT_REVEALING,47,46,97.87,18,17,94.44,,,,,
Math,63,75,FAIL,3,FAIL,4,INCONCLUSIVE,518,318,61.39,441,254,57.6,,,,,
Math,64,6,FAIL,1,FAIL,1,INCONCLUSIVE,342,196,57.31,200,88,44.0,,,,,
Math,65,16,NOT_RUN,,NOT_RUN,,NOT_AVAILABLE,,,,,,,0.0,0.0,0.0,log_ant_total,log_ant_total
Math,66,11,PASS,0,FAIL,1,INCONCLUSIVE,102,102,100.0,58,55,94.83,,,,,
Math,67,12,FAIL,3,FAIL,3,INCONCLUSIVE,93,76,81.72,34,29,85.29,,,,,
Math,68,7,PASS,0,PASS,0,NOT_REVEALING,332,187,56.33,196,84,42.86,,,,,
Math,69,8,PASS,0,PASS,0,NOT_REVEALING,75,69,92.0,30,29,96.67,,,,,
Math,7,12,PASS,0,PASS,0,NOT_REVEALING,130,69,53.08,50,14,28.0,,,,,
Math,70,9,FAIL,2,FAIL,2,INCONCLUSIVE,23,18,78.26,6,6,100.0,,,,,
Math,71,16,PASS,0,FAIL,1,INCONCLUSIVE,197,178,90.36,98,79,80.61,,,,,
Math,72,17,FAIL,1,FAIL,1,INCONCLUSIVE,107,92,85.98,54,44,81.48,,,,,
Math,73,10,PASS,0,PASS,0,NOT_REVEALING,104,88,84.62,52,42,80.77,,,,,
Math,74,8,PASS,0,PASS,0,NOT_REVEALING,122,112,91.8,54,46,85.19,,,,,
Math,75,26,FAIL,1,FAIL,1,INCONCLUSIVE,134,114,85.07,48,37,77.08,,,,,
Math,76,18,FAIL,4,FAIL,4,INCONCLUSIVE,134,107,79.85,54,36,66.67,,,,,
Math,77,42,FAIL,2,PASS,0,REVEALING,799,584,73.09,338,233,68.93,,,,,
Math,78,11,NOT_RUN,,NOT_RUN,,NOT_AVAILABLE,,,,,,,1.0,1.0,2.0,log_ant_total,log_ant_total
Math,79,60,FAIL,2,FAIL,2,INCONCLUSIVE,420,266,63.33,345,216,62.61,,,,,
Math,8,10,PASS,0,NOT_RUN,,NOT_AVAILABLE,40,40,100.0,24,24,100.0,,1.0,,,log_ant_total
Math,80,10,FAIL,1,FAIL,1,INCONCLUSIVE,854,282,33.02,414,80,19.32,,,,,
Math,81,11,PASS,0,PASS,0,NOT_REVEALING,853,286,33.53,414,84,20.29,,,,,
Math,82,5,PASS,0,PASS,0,NOT_REVEALING,60,58,96.67,36,33,91.67,,,,,
Math,83,11,PASS,0,FAIL,2,INCONCLUSIVE,155,11,7.1,92,7,7.61,,,,,
Math,84,9,NOT_RUN,,NOT_RUN,,NOT_AVAILABLE,,,,,,,1.0,1.0,2.0,log_ant_total,log_ant_total
Math,85,23,FAIL,3,PASS,0,REVEALING,38,35,92.11,22,19,86.36,,,,,
Math,86,10,FAIL,1,PASS,0,REVEALING,116,98,84.48,60,50,83.33,,,,,
Math,87,8,PASS,0,PASS,0,NOT_REVEALING,152,11,7.24,90,7,7.78,,,,,
Math,88,16,FAIL,2,FAIL,2,INCONCLUSIVE,152,11,7.24,94,6,6.38,,,,,
Math,89,9,PASS,0,PASS,0,NOT_REVEALING,108,97,89.81,32,30,93.75,,,,,
Math,9,16,PASS,0,PASS,0,NOT_REVEALING,46,45,97.83,16,16,100.0,,,,,
Math,90,9,FAIL,1,FAIL,2,INCONCLUSIVE,106,87,82.08,32,29,90.62,,,,,
Math,91,23,PASS,0,PASS,0,NOT_REVEALING,163,158,96.93,90,85,94.44,,,,,
Math,92,45,FAIL,2,FAIL,2,INCONCLUSIVE,231,184,79.65,223,181,81.17,,,,,
Math,93,52,PASS,0,PASS,0,NOT_REVEALING,226,211,93.36,217,202,93.09,,,,,
Math,94,31,PASS,0,PASS,0,NOT_REVEALING,225,180,80.0,215,175,81.4,,,,,
Math,95,7,PASS,0,PASS,0,NOT_REVEALING,30,30,100.0,10,10,100.0,,,,,
Math,96,11,PASS,0,FAIL,1,INCONCLUSIVE,142,139,97.89,102,91,89.22,,,,,
Math,97,14,PASS,0,PASS,0,NOT_REVEALING,89,87,97.75,46,41,89.13,,,,,
Math,98,97,FAIL,3,FAIL,3,INCONCLUSIVE,918,773,84.2,554,440,79.42,,,,,
Math,99,39,PASS,0,PASS,0,NOT_REVEALING,269,249,92.57,271,245,90.41,,,,,
Mockito,1,17,NOT_RUN,,NOT_RUN,,NOT_AVAILABLE,,,,,,,12.0,12.0,24.0,log_ant_total,log_ant_total
Mockito,10,2,NOT_RUN,,NOT_RUN,,NOT_AVAILABLE,,,,,,,12.0,13.0,25.0,log_ant_total,log_ant_total
Mockito,11,21,FAIL,1,FAIL,1,INCONCLUSIVE,14,14,100.0,6,3,50.0,,,,,
Mockito,12,9,FAIL,1,FAIL,1,INCONCLUSIVE,6,6,100.0,4,3,75.0,,,,,
Mockito,13,13,NOT_RUN,,NOT_RUN,,NOT_AVAILABLE,,,,,,,2.0,2.0,4.0,log_ant_total,log_ant_total
Mockito,14,32,NOT_RUN,,NOT_RUN,,NOT_AVAILABLE,,,,,,,2.0,2.0,4.0,log_ant_total,log_ant_total
Mockito,15,8,PASS,0,PASS,0,NOT_REVEALING,13,13,100.0,2,2,100.0,,,,,
Mockito,16,55,NOT_RUN,,NOT_RUN,,NOT_AVAILABLE,,,,,,,2.0,2.0,4.0,log_ant_total,log_ant_total
Mockito,17,23,PASS,0,FAIL,2,INCONCLUSIVE,61,61,100.0,32,32,100.0,,,,,
Mockito,18,18,NOT_RUN,,NOT_RUN,,NOT_AVAILABLE,,,,,,,13.0,16.0,29.0,log_ant_total,log_ant_total
Mockito,19,31,NOT_RUN,,NOT_RUN,,NOT_AVAILABLE,,,,,,,13.0,15.0,28.0,log_ant_total,log_ant_total
Mockito,2,16,FAIL,1,FAIL,2,INCONCLUSIVE,9,9,100.0,6,3,50.0,,,,,
Mockito,20,7,NOT_RUN,,NOT_RUN,,NOT_AVAILABLE,,,,,,,15.0,16.0,31.0,log_ant_total,log_ant_total
Mockito,21,5,FAIL,1,FAIL,1,INCONCLUSIVE,16,16,100.0,2,2,100.0,,,,,
Mockito,22,29,PASS,0,PASS,0,NOT_REVEALING,13,12,92.31,24,24,100.0,,,,,
Mockito,23,3,NOT_RUN,,NOT_RUN,,NOT_AVAILABLE,,,,,,,7.0,7.0,14.0,log_ant_total,log_ant_total
Mockito,24,12,NOT_RUN,,NOT_RUN,,NOT_AVAILABLE,,,,,,,7.0,6.0,13.0,log_ant_total,log_ant_total
Mockito,25,5,PASS,0,PASS,0,NOT_REVEALING,23,22,95.65,6,5,83.33,,,,,
Mockito,26,10,FAIL,1,PASS,0,REVEALING,36,35,97.22,2,2,100.0,,,,,
Mockito,27,10,NOT_RUN,,NOT_RUN,,NOT_AVAILABLE,,,,,,,2.0,3.0,5.0,log_ant_total,log_ant_total
Mockito,28,6,PASS,0,PASS,0,NOT_REVEALING,30,28,93.33,10,8,80.0,,,,,
Mockito,29,11,NOT_RUN,,NOT_RUN,,NOT_AVAILABLE,,,,,,,2.0,2.0,4.0,log_ant_total,log_ant_total
Mockito,3,28,NOT_RUN,,NOT_RUN,,NOT_AVAILABLE,,,,,,,11.0,12.0,23.0,log_ant_total,log_ant_total
Mockito,30,12,FAIL,1,NOT_RUN,,NOT_AVAILABLE,112,87,77.68,14,11,78.57,,3.0,,,log_ant_total
Mockito,31,5,PASS,0,PASS,0,NOT_REVEALING,19,18,94.74,6,6,100.0,,,,,
Mockito,32,6,FAIL,2,FAIL,2,INCONCLUSIVE,23,20,86.96,12,12,100.0,,,,,
Mockito,33,27,NOT_RUN,,NOT_RUN,,NOT_AVAILABLE,,,,,,,4.0,3.0,7.0,log_ant_total,log_ant_total
Mockito,34,22,NOT_RUN,,NOT_RUN,,NOT_AVAILABLE,,,,,,,3.0,3.0,6.0,log_ant_total,log_ant_total
Mockito,35,5,PASS,0,FAIL,1,INCONCLUSIVE,51,50,98.04,0,0,,,,,,
Mockito,36,22,NOT_RUN,,NOT_RUN,,NOT_AVAILABLE,,,,,,,3.0,3.0,6.0,log_ant_total,log_ant_total
Mockito,37,13,FAIL,8,FAIL,8,INCONCLUSIVE,27,27,100.0,26,25,96.15,,,,,
Mockito,38,11,NOT_RUN,,NOT_RUN,,NOT_AVAILABLE,,,,,,,2.0,1.0,3.0,log_ant_total,log_ant_total
Mockito,4,72,NOT_RUN,,NOT_RUN,,NOT_AVAILABLE,,,,,,,16.0,14.0,30.0,log_ant_total,log_ant_total
Mockito,5,12,NOT_RUN,,NOT_RUN,,NOT_AVAILABLE,,,,,,,14.0,14.0,28.0,log_ant_total,log_ant_total
Mockito,6,53,FAIL,14,FAIL,14,INCONCLUSIVE,55,54,98.18,0,0,,,,,,
Mockito,7,22,FAIL,6,FAIL,6,INCONCLUSIVE,174,112,64.37,82,39,47.56,,,,,
Mockito,8,16,FAIL,4,FAIL,4,INCONCLUSIVE,173,99,57.23,80,37,46.25,,,,,
Mockito,9,4,PASS,0,FAIL,3,INCONCLUSIVE,2,2,100.0,0,0,,,,,,
Time,1,53,NOT_RUN,,NOT_RUN,,NOT_AVAILABLE,,,,,,,1.0,1.0,2.0,log_ant_total,log_ant_total
Time,10,14,PASS,0,PASS,0,NOT_REVEALING,71,66,92.96,46,42,91.3,,,,,
Time,11,13,FAIL,1,FAIL,1,INCONCLUSIVE,393,64,16.28,193,34,17.62,,,,,
Time,12,86,NOT_RUN,,NOT_RUN,,NOT_AVAILABLE,,,,,,,2.0,1.0,3.0,log_ant_total,log_ant_total
Time,13,46,FAIL,1,FAIL,1,INCONCLUSIVE,672,220,32.74,452,61,13.5,,,,,
Time,14,22,PASS,0,PASS,0,NOT_REVEALING,114,84,73.68,46,30,65.22,,,,,
Time,15,27,FAIL,3,FAIL,2,INCONCLUSIVE,75,56,74.67,70,46,65.71,,,,,
Time,16,21,FAIL,1,FAIL,1,INCONCLUSIVE,207,148,71.5,88,50,56.82,,,,,
Time,17,23,FAIL,3,FAIL,3,INCONCLUSIVE,343,227,66.18,162,81,50.0,,,,,
Time,18,17,FAIL,1,FAIL,1,INCONCLUSIVE,344,172,50.0,152,45,29.61,,,,,
Time,19,21,NOT_RUN,,NOT_RUN,,NOT_AVAILABLE,,,,,,,1.0,1.0,2.0,log_ant_total,log_ant_total
Time,2,23,NOT_RUN,,NOT_RUN,,NOT_AVAILABLE,,,,,,,1.0,1.0,2.0,log_ant_total,log_ant_total
Time,20,9,FAIL,2,FAIL,2,INCONCLUSIVE,1033,171,16.55,589,76,12.9,,,,,
Time,22,12,FAIL,1,FAIL,1,INCONCLUSIVE,171,96,56.14,58,23,39.66,,,,,
Time,23,12,FAIL,1,FAIL,1,INCONCLUSIVE,342,224,65.5,162,83,51.23,,,,,
Time,24,14,NOT_RUN,,NOT_RUN,,NOT_AVAILABLE,,,,,,,1.0,1.0,2.0,log_ant_total,log_ant_total
Time,25,41,FAIL,4,FAIL,4,INCONCLUSIVE,328,223,67.99,152,81,53.29,,,,,
Time,26,53,FAIL,1,FAIL,1,INCONCLUSIVE,567,392,69.14,240,144,60.0,,,,,
Time,27,22,FAIL,1,FAIL,1,INCONCLUSIVE,670,235,35.07,446,88,19.73,,,,,
Time,3,28,NOT_RUN,,NOT_RUN,,NOT_AVAILABLE,,,,,,,1.0,1.0,2.0,log_ant_total,log_ant_total
Time,4,23,PASS,0,PASS,0,NOT_REVEALING,253,215,84.98,106,74,69.81,,,,,
Time,5,18,PASS,0,PASS,0,NOT_REVEALING,283,248,87.63,62,55,88.71,,,,,
Time,6,22,PASS,0,PASS,0,NOT_REVEALING,361,183,50.69,168,46,27.38,,,,,
Time,7,12,NOT_RUN,,NOT_RUN,,NOT_AVAILABLE,,,,,,,1.0,1.0,2.0,log_ant_total,log_ant_total
Time,8,30,PASS,0,PASS,0,NOT_REVEALING,355,232,65.35,178,91,51.12,,,,,
Time,9,21,NOT_RUN,,NOT_RUN,,NOT_AVAILABLE,,,,,,,1.0,1.0,2.0,log_ant_total,log_ant_total
