project,bug_id,tests,buggy_result,buggy_fails,fixed_result,fixed_fails,verdict,lines,covered_lines,line_cov,branches,covered_branches,branch_cov,buggy_test_seconds,fixed_test_seconds,test_run_seconds,buggy_test_time_source,fixed_test_time_source
Chart,1,50,NOT_RUN,,NOT_RUN,,NOT_AVAILABLE,,,,,,,1.83,3.58,5.41,measured_wall_clock,measured_wall_clock
Chart,10,8,PASS,0,FAIL,2,INCONCLUSIVE,3,3,100.0,0,0,,1.82,1.82,3.64,measured_wall_clock,measured_wall_clock
Chart,11,35,NOT_RUN,,NOT_RUN,,NOT_AVAILABLE,,,,,,,2.48,1.94,4.42,measured_wall_clock,measured_wall_clock
Chart,12,30,PASS,0,PASS,0,NOT_REVEALING,190,187,98.42,84,78,92.86,9.18,9.17,18.35,measured_wall_clock,measured_wall_clock
Chart,13,29,PASS,0,PASS,0,NOT_REVEALING,229,229,100.0,120,114,95.0,7.77,3.95,11.72,measured_wall_clock,measured_wall_clock
Chart,14,144,PASS,0,PASS,0,NOT_REVEALING,2722,1607,59.04,1436,637,44.36,13.37,9.43,22.8,measured_wall_clock,measured_wall_clock
Chart,15,17,NOT_RUN,,NOT_RUN,,NOT_AVAILABLE,,,,,,,1.59,3.0,4.59,measured_wall_clock,measured_wall_clock
Chart,16,1,PASS,0,PASS,0,NOT_REVEALING,188,43,22.87,128,20,15.62,3.65,7.49,11.14,measured_wall_clock,measured_wall_clock
Chart,17,6,NOT_RUN,,NOT_RUN,,NOT_AVAILABLE,,,,,,,1.38,3.14,4.52,measured_wall_clock,measured_wall_clock
Chart,18,2,PASS,0,PASS,0,NOT_REVEALING,266,61,22.93,122,16,13.11,6.41,4.29,10.7,measured_wall_clock,measured_wall_clock
Chart,19,59,NOT_RUN,,NOT_RUN,,NOT_AVAILABLE,,,,,,,2.03,2.94,4.97,measured_wall_clock,measured_wall_clock
Chart,2,6,NOT_RUN,,NOT_RUN,,NOT_AVAILABLE,,,,,,,1.53,2.99,4.52,measured_wall_clock,measured_wall_clock
Chart,20,19,FAIL,4,FAIL,1,INCONCLUSIVE,22,21,95.45,8,7,87.5,7.96,6.11,14.07,measured_wall_clock,measured_wall_clock
Chart,21,1,PASS,0,PASS,0,NOT_REVEALING,161,38,23.6,60,6,10.0,7.96,5.46,13.42,measured_wall_clock,measured_wall_clock
Chart,22,1,PASS,0,PASS,0,NOT_REVEALING,124,28,22.58,58,9,15.52,4.74,6.85,11.59,measured_wall_clock,measured_wall_clock
Chart,23,22,PASS,0,PASS,0,NOT_REVEALING,144,141,97.92,46,41,89.13,6.11,8.58,14.69,measured_wall_clock,measured_wall_clock
Chart,24,18,PASS,0,PASS,0,NOT_REVEALING,25,25,100.0,10,10,100.0,6.42,5.25,11.67,measured_wall_clock,measured_wall_clock
Chart,25,8,NOT_RUN,,NOT_RUN,,NOT_AVAILABLE,,,,,,,2.1,1.63,3.73,measured_wall_clock,measured_wall_clock
Chart,26,56,FAIL,1,FAIL,1,INCONCLUSIVE,350,350,100.0,128,124,96.88,3.79,4.09,7.88,measured_wall_clock,measured_wall_clock
Chart,3,6,PASS,0,PASS,0,NOT_REVEALING,380,181,47.63,186,66,35.48,3.4,7.31,10.71,measured_wall_clock,measured_wall_clock
Chart,4,76,FAIL,1,FAIL,1,INCONCLUSIVE,1808,1543,85.34,964,636,65.98,5.35,8.79,14.14,measured_wall_clock,measured_wall_clock
Chart,5,9,FAIL,2,FAIL,2,INCONCLUSIVE,172,102,59.3,80,45,56.25,3.6,9.33,12.93,measured_wall_clock,measured_wall_clock
Chart,6,12,NOT_RUN,,NOT_RUN,,NOT_AVAILABLE,,,,,,,2.65,2.74,5.39,measured_wall_clock,measured_wall_clock
Chart,7,1,PASS,0,PASS,0,NOT_REVEALING,159,40,25.16,54,7,12.96,5.96,6.31,12.27,measured_wall_clock,measured_wall_clock
Chart,8,1,PASS,0,PASS,0,NOT_REVEALING,162,42,25.93,68,4,5.88,5.41,3.38,8.79,measured_wall_clock,measured_wall_clock
Chart,9,6,NOT_RUN,,NOT_RUN,,NOT_AVAILABLE,,,,,,,2.43,3.59,6.02,measured_wall_clock,measured_wall_clock
Cli,1,30,FAIL,1,FAIL,1,INCONCLUSIVE,45,0,0.0,14,0,0.0,6.45,3.08,9.53,measured_wall_clock,measured_wall_clock
Cli,10,33,NOT_RUN,,NOT_RUN,,NOT_AVAILABLE,,,,,,,1.57,1.48,3.05,measured_wall_clock,measured_wall_clock
Cli,11,49,FAIL,1,FAIL,1,INCONCLUSIVE,198,0,0.0,106,0,0.0,4.0,4.86,8.86,measured_wall_clock,measured_wall_clock
Cli,12,11,NOT_RUN,,NOT_RUN,,NOT_AVAILABLE,,,,,,,1.22,1.53,2.75,measured_wall_clock,measured_wall_clock
Cli,13,90,NOT_RUN,,NOT_RUN,,NOT_AVAILABLE,,,,,,,2.8,2.49,5.29,measured_wall_clock,measured_wall_clock
Cli,14,28,NOT_RUN,,NOT_RUN,,NOT_AVAILABLE,,,,,,,2.23,1.68,3.91,measured_wall_clock,measured_wall_clock
Cli,15,27,FAIL,1,FAIL,1,INCONCLUSIVE,93,0,0.0,46,0,0.0,4.77,4.34,9.11,measured_wall_clock,measured_wall_clock
Cli,16,116,NOT_RUN,,NOT_RUN,,NOT_AVAILABLE,,,,,,,2.69,1.88,4.57,measured_wall_clock,measured_wall_clock
Cli,17,25,FAIL,1,FAIL,1,INCONCLUSIVE,67,0,0.0,42,0,0.0,3.9,2.68,6.58,measured_wall_clock,measured_wall_clock
Cli,18,17,FAIL,1,FAIL,1,INCONCLUSIVE,66,0,0.0,42,0,0.0,3.7,4.25,7.95,measured_wall_clock,measured_wall_clock
Cli,19,21,FAIL,1,FAIL,1,INCONCLUSIVE,65,0,0.0,42,0,0.0,3.6,2.88,6.48,measured_wall_clock,measured_wall_clock
Cli,2,22,FAIL,1,FAIL,1,INCONCLUSIVE,68,0,0.0,42,0,0.0,4.86,3.14,8.0,measured_wall_clock,measured_wall_clock
Cli,20,22,FAIL,1,FAIL,1,INCONCLUSIVE,64,0,0.0,42,0,0.0,3.99,2.98,6.97,measured_wall_clock,measured_wall_clock
Cli,21,97,NOT_RUN,,NOT_RUN,,NOT_AVAILABLE,,,,,,,1.84,2.49,4.33,measured_wall_clock,measured_wall_clock
Cli,22,22,FAIL,1,FAIL,1,INCONCLUSIVE,57,0,0.0,38,0,0.0,3.94,3.03,6.97,measured_wall_clock,measured_wall_clock
Cli,23,31,FAIL,1,FAIL,1,INCONCLUSIVE,198,0,0.0,108,0,0.0,3.04,2.37,5.41,measured_wall_clock,measured_wall_clock
Cli,24,33,FAIL,1,FAIL,1,INCONCLUSIVE,198,0,0.0,112,0,0.0,4.05,4.7,8.75,measured_wall_clock,measured_wall_clock
Cli,25,25,FAIL,1,FAIL,1,INCONCLUSIVE,198,0,0.0,112,0,0.0,3.74,3.7,7.44,measured_wall_clock,measured_wall_clock
Cli,26,28,FAIL,1,FAIL,1,INCONCLUSIVE,61,0,0.0,4,0,0.0,3.38,4.1,7.48,measured_wall_clock,measured_wall_clock
Cli,27,19,FAIL,1,FAIL,1,INCONCLUSIVE,34,0,0.0,12,0,0.0,3.03,3.55,6.58,measured_wall_clock,measured_wall_clock
Cli,28,31,FAIL,1,FAIL,1,INCONCLUSIVE,101,0,0.0,68,0,0.0,4.66,4.14,8.8,measured_wall_clock,measured_wall_clock
Cli,29,19,FAIL,1,FAIL,1,INCONCLUSIVE,14,0,0.0,10,0,0.0,2.63,3.19,5.82,measured_wall_clock,measured_wall_clock
Cli,3,28,FAIL,1,FAIL,1,INCONCLUSIVE,55,0,0.0,20,0,0.0,2.77,4.05,6.82,measured_wall_clock,measured_wall_clock
Cli,30,72,FAIL,2,FAIL,2,INCONCLUSIVE,288,0,0.0,218,0,0.0,4.91,5.21,10.12,measured_wall_clock,measured_wall_clock
Cli,31,109,FAIL,3,FAIL,3,INCONCLUSIVE,386,0,0.0,208,0,0.0,4.5,4.26,8.76,measured_wall_clock,measured_wall_clock
Cli,32,62,FAIL,1,FAIL,1,INCONCLUSIVE,203,0,0.0,122,0,0.0,3.84,3.84,7.68,measured_wall_clock,measured_wall_clock
Cli,33,36,FAIL,1,FAIL,1,INCONCLUSIVE,201,0,0.0,114,0,0.0,3.74,4.05,7.79,measured_wall_clock,measured_wall_clock
Cli,34,58,FAIL,2,FAIL,2,INCONCLUSIVE,180,0,0.0,88,0,0.0,5.1,3.54,8.64,measured_wall_clock,measured_wall_clock
Cli,35,20,FAIL,1,FAIL,1,INCONCLUSIVE,57,57,100.0,20,20,100.0,4.34,2.83,7.17,measured_wall_clock,measured_wall_clock
Cli,36,44,PASS,0,PASS,0,NOT_REVEALING,94,94,100.0,36,36,100.0,4.64,6.32,10.96,measured_wall_clock,measured_wall_clock
Cli,37,40,PASS,0,PASS,0,NOT_REVEALING,187,179,95.72,158,133,84.18,3.54,5.72,9.26,measured_wall_clock,measured_wall_clock
Cli,38,39,FAIL,1,FAIL,1,INCONCLUSIVE,191,179,93.72,158,132,83.54,3.63,5.65,9.28,measured_wall_clock,measured_wall_clock
Cli,39,31,PASS,0,FAIL,1,INCONCLUSIVE,42,42,100.0,20,20,100.0,3.29,5.16,8.45,measured_wall_clock,measured_wall_clock
Cli,4,26,FAIL,1,FAIL,1,INCONCLUSIVE,99,0,0.0,68,0,0.0,3.64,5.1,8.74,measured_wall_clock,measured_wall_clock
Cli,40,30,NOT_RUN,,NOT_RUN,,NOT_AVAILABLE,,,,,,,2.34,1.93,4.27,measured_wall_clock,measured_wall_clock
Cli,5,19,FAIL,1,FAIL,1,INCONCLUSIVE,11,0,0.0,8,0,0.0,3.03,4.75,7.78,measured_wall_clock,measured_wall_clock
Cli,7,26,FAIL,1,FAIL,1,INCONCLUSIVE,68,0,0.0,27,0,0.0,5.0,3.7,8.7,measured_wall_clock,measured_wall_clock
Cli,8,39,FAIL,1,FAIL,1,INCONCLUSIVE,192,0,0.0,104,0,0.0,5.01,3.13,8.14,measured_wall_clock,measured_wall_clock
Cli,9,30,FAIL,1,FAIL,1,INCONCLUSIVE,105,0,0.0,70,0,0.0,4.09,4.2,8.29,measured_wall_clock,measured_wall_clock
Closure,1,26,NOT_RUN,,NOT_RUN,,NOT_AVAILABLE,,,,,,,6.51,9.69,16.2,measured_wall_clock,measured_wall_clock
Closure,10,51,NOT_RUN,,NOT_RUN,,NOT_AVAILABLE,,,,,,,8.06,9.55,17.61,measured_wall_clock,measured_wall_clock
Closure,11,34,FAIL,3,FAIL,3,INCONCLUSIVE,778,464,59.64,549,173,31.51,13.81,15.1,28.91,measured_wall_clock,measured_wall_clock
Closure,12,23,FAIL,6,FAIL,17,INCONCLUSIVE,88,86,97.73,48,38,79.17,13.66,14.98,28.64,measured_wall_clock,measured_wall_clock
Closure,13,12,NOT_RUN,,NOT_RUN,,NOT_AVAILABLE,,,,,,,6.41,8.72,15.13,measured_wall_clock,measured_wall_clock
Closure,14,16,NOT_RUN,,NOT_RUN,,NOT_AVAILABLE,,,,,,,8.75,7.98,16.73,measured_wall_clock,measured_wall_clock
Closure,15,16,NOT_RUN,,NOT_RUN,,NOT_AVAILABLE,,,,,,,7.99,9.03,17.02,measured_wall_clock,measured_wall_clock
Closure,16,18,NOT_RUN,,NOT_RUN,,NOT_AVAILABLE,,,,,,,7.87,6.45,14.32,measured_wall_clock,measured_wall_clock
Closure,17,21,NOT_RUN,,NOT_RUN,,NOT_AVAILABLE,,,,,,,7.32,7.37,14.69,measured_wall_clock,measured_wall_clock
Closure,18,42,NOT_RUN,,NOT_RUN,,NOT_AVAILABLE,,,,,,,7.01,9.17,16.18,measured_wall_clock,measured_wall_clock
Closure,19,26,NOT_RUN,,NOT_RUN,,NOT_AVAILABLE,,,,,,,6.57,7.01,13.58,measured_wall_clock,measured_wall_clock
Closure,2,45,NOT_RUN,,NOT_RUN,,NOT_AVAILABLE,,,,,,,6.7,7.17,13.87,measured_wall_clock,measured_wall_clock
Closure,20,16,FAIL,16,FAIL,16,INCONCLUSIVE,754,74,9.81,526,32,6.08,16.38,14.62,31.0,measured_wall_clock,measured_wall_clock
Closure,21,10,NOT_RUN,,NOT_RUN,,NOT_AVAILABLE,,,,,,,7.08,6.96,14.04,measured_wall_clock,measured_wall_clock
Closure,22,14,NOT_RUN,,NOT_RUN,,NOT_AVAILABLE,,,,,,,5.87,5.71,11.58,measured_wall_clock,measured_wall_clock
Closure,23,62,NOT_RUN,,NOT_RUN,,NOT_AVAILABLE,,,,,,,8.62,6.4,15.02,measured_wall_clock,measured_wall_clock
Closure,24,27,NOT_RUN,,NOT_RUN,,NOT_AVAILABLE,,,,,,,6.42,5.9,12.32,measured_wall_clock,measured_wall_clock
Closure,25,30,NOT_RUN,,NOT_RUN,,NOT_AVAILABLE,,,,,,,8.02,8.78,16.8,measured_wall_clock,measured_wall_clock
Closure,26,27,NOT_RUN,,NOT_RUN,,NOT_AVAILABLE,,,,,,,6.31,6.71,13.02,measured_wall_clock,measured_wall_clock
Closure,27,46,NOT_RUN,,NOT_RUN,,NOT_AVAILABLE,,,,,,,5.41,8.01,13.42,measured_wall_clock,measured_wall_clock
Closure,28,14,PASS,0,PASS,0,NOT_REVEALING,26,26,100.0,2,2,100.0,14.75,23.89,38.64,measured_wall_clock,measured_wall_clock
Closure,29,12,NOT_RUN,,NOT_RUN,,NOT_AVAILABLE,,,,,,,4.65,6.41,11.06,measured_wall_clock,measured_wall_clock
Closure,3,14,NOT_RUN,,NOT_RUN,,NOT_AVAILABLE,,,,,,,7.06,6.12,13.18,measured_wall_clock,measured_wall_clock
Closure,30,42,NOT_RUN,,NOT_RUN,,NOT_AVAILABLE,,,,,,,5.75,7.97,13.72,measured_wall_clock,measured_wall_clock
Closure,31,55,NOT_RUN,,NOT_RUN,,NOT_AVAILABLE,,,,,,,8.48,7.56,16.04,measured_wall_clock,measured_wall_clock
Closure,32,4,NOT_RUN,,NOT_RUN,,NOT_AVAILABLE,,,,,,,7.17,7.52,14.69,measured_wall_clock,measured_wall_clock
Closure,33,30,NOT_RUN,,NOT_RUN,,NOT_AVAILABLE,,,,,,,7.32,5.61,12.93,measured_wall_clock,measured_wall_clock
Closure,34,29,NOT_RUN,,NOT_RUN,,NOT_AVAILABLE,,,,,,,7.32,4.9,12.22,measured_wall_clock,measured_wall_clock
Closure,35,10,NOT_RUN,,NOT_RUN,,NOT_AVAILABLE,,,,,,,6.95,8.01,14.96,measured_wall_clock,measured_wall_clock
Closure,36,35,NOT_RUN,,NOT_RUN,,NOT_AVAILABLE,,,,,,,4.9,4.5,9.4,measured_wall_clock,measured_wall_clock
Closure,37,83,NOT_RUN,,NOT_RUN,,NOT_AVAILABLE,,,,,,,7.72,5.56,13.28,measured_wall_clock,measured_wall_clock
Closure,38,28,FAIL,1,FAIL,1,INCONCLUSIVE,112,77,68.75,64,43,67.19,15.42,9.84,25.26,measured_wall_clock,measured_wall_clock
Closure,39,34,NOT_RUN,,NOT_RUN,,NOT_AVAILABLE,,,,,,,4.44,4.8,9.24,measured_wall_clock,measured_wall_clock
Closure,4,22,NOT_RUN,,NOT_RUN,,NOT_AVAILABLE,,,,,,,6.5,9.08,15.58,measured_wall_clock,measured_wall_clock
Closure,40,33,NOT_RUN,,NOT_RUN,,NOT_AVAILABLE,,,,,,,4.04,5.0,9.04,measured_wall_clock,measured_wall_clock
Closure,41,14,NOT_RUN,,NOT_RUN,,NOT_AVAILABLE,,,,,,,11.16,9.02,20.18,measured_wall_clock,measured_wall_clock
Closure,42,22,NOT_RUN,,NOT_RUN,,NOT_AVAILABLE,,,,,,,6.26,6.61,12.87,measured_wall_clock,measured_wall_clock
Closure,43,16,NOT_RUN,,NOT_RUN,,NOT_AVAILABLE,,,,,,,4.9,5.65,10.55,measured_wall_clock,measured_wall_clock
Closure,44,35,FAIL,7,NOT_RUN,,NOT_AVAILABLE,109,91,83.49,60,53,88.33,12.54,,,measured_wall_clock,
Closure,45,13,NOT_RUN,,NOT_RUN,,NOT_AVAILABLE,,,,,,,5.7,,,measured_wall_clock,
Closure,46,25,NOT_RUN,,NOT_RUN,,NOT_AVAILABLE,,,,,,,6.31,,,measured_wall_clock,
Closure,47,35,NOT_RUN,,NOT_RUN,,NOT_AVAILABLE,,,,,,,6.36,,,measured_wall_clock,
Closure,48,28,NOT_RUN,,NOT_RUN,,NOT_AVAILABLE,,,,,,,,,,,
Closure,49,15,NOT_RUN,,NOT_RUN,,NOT_AVAILABLE,,,,,,,,,,,
Closure,5,14,NOT_RUN,,NOT_RUN,,NOT_AVAILABLE,,,,,,,4.81,5.91,10.72,measured_wall_clock,measured_wall_clock
Closure,50,28,NOT_RUN,,NOT_RUN,,NOT_AVAILABLE,,,,,,,,,,,
Closure,51,43,NOT_RUN,,NOT_RUN,,NOT_AVAILABLE,,,,,,,,,,,
Closure,52,53,NOT_RUN,,NOT_RUN,,NOT_AVAILABLE,,,,,,,,,,,
Closure,53,15,NOT_RUN,,NOT_RUN,,NOT_AVAILABLE,,,,,,,,,,,
Closure,54,92,NOT_RUN,,NOT_RUN,,NOT_AVAILABLE,,,,,,,,,,,
Closure,55,18,NOT_RUN,,NOT_RUN,,NOT_AVAILABLE,,,,,,,,,,,
Closure,56,39,NOT_RUN,,NOT_RUN,,NOT_AVAILABLE,,,,,,,7.01,9.58,16.59,measured_wall_clock,measured_wall_clock
Closure,57,24,NOT_RUN,,NOT_RUN,,NOT_AVAILABLE,,,,,,,6.31,6.63,12.94,measured_wall_clock,measured_wall_clock
Closure,58,27,NOT_RUN,,NOT_RUN,,NOT_AVAILABLE,,,,,,,4.97,4.5,9.47,measured_wall_clock,measured_wall_clock
Closure,59,63,NOT_RUN,,NOT_RUN,,NOT_AVAILABLE,,,,,,,5.45,9.58,15.03,measured_wall_clock,measured_wall_clock
Closure,6,35,NOT_RUN,,NOT_RUN,,NOT_AVAILABLE,,,,,,,5.11,3.54,8.65,measured_wall_clock,measured_wall_clock
Closure,60,76,NOT_RUN,,NOT_RUN,,NOT_AVAILABLE,,,,,,,6.2,5.75,11.95,measured_wall_clock,measured_wall_clock
Closure,61,54,NOT_RUN,,NOT_RUN,,NOT_AVAILABLE,,,,,,,6.55,6.22,12.77,measured_wall_clock,measured_wall_clock
Closure,62,21,FAIL,2,FAIL,3,INCONCLUSIVE,74,74,100.0,32,32,100.0,12.3,16.11,28.41,measured_wall_clock,measured_wall_clock
Closure,64,8,NOT_RUN,,NOT_RUN,,NOT_AVAILABLE,,,,,,,2.93,3.64,6.57,measured_wall_clock,measured_wall_clock
Closure,65,13,NOT_RUN,,NOT_RUN,,NOT_AVAILABLE,,,,,,,3.19,3.79,6.98,measured_wall_clock,measured_wall_clock
Closure,66,28,NOT_RUN,,NOT_RUN,,NOT_AVAILABLE,,,,,,,2.7,3.39,6.09,measured_wall_clock,measured_wall_clock
Closure,67,47,NOT_RUN,,NOT_RUN,,NOT_AVAILABLE,,,,,,,2.78,2.28,5.06,measured_wall_clock,measured_wall_clock
Closure,68,32,NOT_RUN,,NOT_RUN,,NOT_AVAILABLE,,,,,,,3.84,4.58,8.42,measured_wall_clock,measured_wall_clock
Closure,69,32,NOT_RUN,,NOT_RUN,,NOT_AVAILABLE,,,,,,,4.35,3.59,7.94,measured_wall_clock,measured_wall_clock
Closure,7,41,NOT_RUN,,NOT_RUN,,NOT_AVAILABLE,,,,,,,8.01,6.01,14.02,measured_wall_clock,measured_wall_clock
Closure,70,12,NOT_RUN,,NOT_RUN,,NOT_AVAILABLE,,,,,,,1.98,2.43,4.41,measured_wall_clock,measured_wall_clock
Closure,71,18,NOT_RUN,,NOT_RUN,,NOT_AVAILABLE,,,,,,,2.24,2.84,5.08,measured_wall_clock,measured_wall_clock
Closure,72,30,NOT_RUN,,NOT_RUN,,NOT_AVAILABLE,,,,,,,2.58,2.38,4.96,measured_wall_clock,measured_wall_clock
Closure,73,50,NOT_RUN,,NOT_RUN,,NOT_AVAILABLE,,,,,,,3.94,1.22,5.16,measured_wall_clock,measured_wall_clock
Closure,74,24,NOT_RUN,,NOT_RUN,,NOT_AVAILABLE,,,,,,,3.35,3.95,7.3,measured_wall_clock,measured_wall_clock
Closure,75,18,NOT_RUN,,NOT_RUN,,NOT_AVAILABLE,,,,,,,3.49,2.44,5.93,measured_wall_clock,measured_wall_clock
Closure,76,20,NOT_RUN,,NOT_RUN,,NOT_AVAILABLE,,,,,,,3.29,2.44,5.73,measured_wall_clock,measured_wall_clock
Closure,77,41,NOT_RUN,,NOT_RUN,,NOT_AVAILABLE,,,,,,,2.08,2.18,4.26,measured_wall_clock,measured_wall_clock
Closure,78,54,NOT_RUN,,NOT_RUN,,NOT_AVAILABLE,,,,,,,1.67,2.34,4.01,measured_wall_clock,measured_wall_clock
Closure,79,35,NOT_RUN,,NOT_RUN,,NOT_AVAILABLE,,,,,,,1.12,1.47,2.59,measured_wall_clock,measured_wall_clock
Closure,8,7,FAIL,1,FAIL,1,INCONCLUSIVE,84,71,84.52,52,37,71.15,15.59,17.32,32.91,measured_wall_clock,measured_wall_clock
Closure,9,19,NOT_RUN,,NOT_RUN,,NOT_AVAILABLE,,,,,,,10.34,9.04,19.38,measured_wall_clock,measured_wall_clock
