project,bug_id,target,coverage_status,lines_total,lines_covered,line_coverage,conditions_total,conditions_covered,condition_coverage,failing_tests
Chart,1,Chart_1,OK,574,52,9.06,242,24,9.92,0
Chart,10,Chart_10,OK,3,3,100.0,0,0,,0
Chart,11,Chart_11,OK,197,191,96.95,116,111,95.69,0
Chart,12,Chart_12,OK,190,180,94.74,84,79,94.05,0
Chart,13,Chart_13,OK,229,145,63.32,120,76,63.33,0
Chart,14,Chart_14,OK,2722,1639,60.21,1436,677,47.14,0
Chart,15,Chart_15,OK,836,647,77.39,312,177,56.73,0
Chart,16,Chart_16,OK,188,162,86.17,128,108,84.38,0
Chart,17,Chart_17,OK,288,272,94.44,128,115,89.84,0
Chart,18,Chart_18,OK,266,264,99.25,122,118,96.72,0
Chart,19,Chart_19,OK,1136,786,69.19,594,330,55.56,0
Chart,2,Chart_2,OK,801,585,73.03,544,364,66.91,0
Chart,20,Chart_20,OK,22,21,95.45,8,7,87.5,0
Chart,21,Chart_21,OK,161,148,91.93,60,44,73.33,0
Chart,22,Chart_22,OK,124,120,96.77,58,52,89.66,0
Chart,23,Chart_23,OK,144,55,38.19,46,12,26.09,0
Chart,24,Chart_24,OK,25,25,100.0,10,10,100.0,0
Chart,25,Chart_25,OK,174,44,25.29,82,14,17.07,0
Chart,26,Chart_26,OK,350,315,90.0,128,107,83.59,0
Chart,3,Chart_3,OK,380,363,95.53,186,171,91.94,0
Chart,4,Chart_4,OK,1808,875,48.4,964,332,34.44,0
Chart,5,Chart_5,OK,172,168,97.67,80,80,100.0,0
Chart,6,Chart_6,OK,29,12,41.38,12,4,33.33,0
Chart,7,Chart_7,OK,159,157,98.74,54,54,100.0,0
Chart,8,Chart_8,OK,162,148,91.36,68,55,80.88,0
Chart,9,Chart_9,OK,289,263,91.0,128,109,85.16,0
