"project","bug_id","algorithm","seed","subject_version","test_class","execution_seconds","tests_run","passed_tests","failures","test_execution","status","error"
"Chart",5,"STANDARD_GA",20260918,"buggy","org.jfree.data.xy.XYSeries_ESTest",1,39,39,0,"PASS","ok",""
"Chart",5,"STANDARD_GA",20260918,"fixed","org.jfree.data.xy.XYSeries_ESTest",1,39,38,1,"FAIL","test_failed","1) test16(org.jfree.data.xy.XYSeries_ESTest)
java.lang.AssertionError: Expecting exception: IndexOutOfBoundsException
	at org.junit.Assert.fail(Assert.java:88)
	at org.jfree.data.xy.XYSeries_ESTest.test16(XYSeries_ESTest.java:224)
	at java.base/jdk.internal.reflect.NativeMethodAccessorImpl.invoke0(Native Method)
	at java.base/jdk.internal.reflect.NativeMethodAccessorImpl.invoke(NativeMethodAccessorImpl.java:62)
	at java.base/jdk.internal.reflect.DelegatingMethodAccessorImpl.invoke(DelegatingMethodAccessorImpl.java:43)
	at java.base/java.lang.reflect.Method.invoke(Method.java:566)
	at org.junit.runners.model.FrameworkMethod$1.runReflectiveCall(FrameworkMethod.java:50)
	at org.junit.internal.runners.model.ReflectiveCallable.run(ReflectiveCallable.java:12)
	at org.junit.runners.model.FrameworkMethod.invokeExplosively(FrameworkMethod.java:47)
	at org.junit.internal.runners.statements.InvokeMethod.evaluate(InvokeMethod.java:17)
	at org.junit.internal.runners.statements.FailOnTimeout$CallableStatement.call(FailOnTimeout.java:298)
	at org.junit.internal.runners.statements.FailOnTimeout$CallableStatement.call(FailOnTimeout.java:292)
	at java.base/java.util.concurrent.FutureTask.run(FutureTask.java:264)
	at java.base/java.lang.Thread.run(Thread.java:829)

FAILURES!!!
Tests run: 39,  Failures: 1"
