"project","bug_id","subject_status","target_class","source_file","algorithm","seed","search_budget_seconds","client_memory_mb","generation_seconds","generated_test_methods","test_execution","line_coverage_percent","branch_coverage_percent","target_status","error"
"Chart",1,"ok","org.jfree.chart.renderer.category.AbstractCategoryItemRenderer","Resoucre/Chart_1/org/jfree/chart/renderer/category/AbstractCategoryItemRenderer.java","STANDARD_GA",20260918,60,2048,98,61,"PASS",48.78,47.45,"ok",""
"Chart",2,"ok","org.jfree.data.general.DatasetUtilities","Resoucre/Chart_2/org/jfree/data/general/DatasetUtilities.java","STANDARD_GA",20260918,60,2048,81,114,"PASS",72.03,66.61,"ok",""
"Chart",3,"ok","org.jfree.data.time.TimeSeries","Resoucre/Chart_3/org/jfree/data/time/TimeSeries.java","STANDARD_GA",20260918,60,2048,77,61,"PASS",91.32,84.02,"ok",""
"Chart",4,"ok","org.jfree.chart.plot.XYPlot","Resoucre/Chart_4/org/jfree/chart/plot/XYPlot.java","STANDARD_GA",20260918,60,2048,133,177,"PASS",56.49,47.82,"ok",""
"Chart",5,"ok","org.jfree.data.xy.XYSeries","Resoucre/Chart_5/org/jfree/data/xy/XYSeries.java","STANDARD_GA",20260918,60,2048,73,38,"PASS",97.67,100.00,"ok",""
"Chart",6,"ok","org.jfree.chart.util.ShapeList","Resoucre/Chart_6/org/jfree/chart/util/ShapeList.java","STANDARD_GA",20260918,60,2048,66,6,"PASS",41.38,52.94,"ok",""
"Chart",7,"ok","org.jfree.data.time.TimePeriodValues","Resoucre/Chart_7/org/jfree/data/time/TimePeriodValues.java","STANDARD_GA",20260918,60,2048,70,25,"PASS",98.74,100.00,"ok",""
"Chart",8,"ok","org.jfree.data.time.Week","Resoucre/Chart_8/org/jfree/data/time/Week.java","STANDARD_GA",20260918,60,2048,71,31,"PASS",91.36,85.54,"ok",""
"Chart",9,"ok","org.jfree.data.time.TimeSeries","Resoucre/Chart_9/org/jfree/data/time/TimeSeries.java","STANDARD_GA",20260918,60,2048,74,47,"PASS",93.77,92.11,"ok",""
"Chart",10,"ok","org.jfree.chart.imagemap.StandardToolTipTagFragmentGenerator","Resoucre/Chart_10/org/jfree/chart/imagemap/StandardToolTipTagFragmentGenerator.java","STANDARD_GA",20260918,60,2048,4,1,"PASS",100.00,100.00,"ok",""
"Chart",11,"ok","org.jfree.chart.util.ShapeUtilities","Resoucre/Chart_11/org/jfree/chart/util/ShapeUtilities.java","STANDARD_GA",20260918,60,2048,74,60,"PASS",96.94,95.93,"ok",""
"Chart",12,"ok","org.jfree.chart.plot.MultiplePiePlot","Resoucre/Chart_12/org/jfree/chart/plot/MultiplePiePlot.java","STANDARD_GA",20260918,60,2048,80,28,"PASS",96.32,94.79,"ok",""
"Chart",13,"ok","org.jfree.chart.block.BorderArrangement","Resoucre/Chart_13/org/jfree/chart/block/BorderArrangement.java","STANDARD_GA",20260918,60,2048,72,15,"PASS",62.88,63.11,"ok",""
"Chart",14,"ok","org.jfree.chart.plot.CategoryPlot","Resoucre/Chart_14/org/jfree/chart/plot/CategoryPlot.java","STANDARD_GA",20260918,60,2048,124,137,"PASS",74.02,65.22,"ok",""
"Chart",14,"ok","org.jfree.chart.plot.XYPlot","Resoucre/Chart_14/org/jfree/chart/plot/XYPlot.java","STANDARD_GA",20260918,60,2048,120,156,"PASS",50.62,43.39,"ok",""
"Chart",15,"ok","org.jfree.chart.plot.PiePlot","Resoucre/Chart_15/org/jfree/chart/plot/PiePlot.java","STANDARD_GA",20260918,60,2048,106,107,"PASS",83.57,69.67,"ok",""
"Chart",16,"ok","org.jfree.data.category.DefaultIntervalCategoryDataset","Resoucre/Chart_16/org/jfree/data/category/DefaultIntervalCategoryDataset.java","STANDARD_GA",20260918,60,2048,80,49,"PASS",87.23,85.40,"ok",""
"Chart",17,"ok","org.jfree.data.time.TimeSeries","Resoucre/Chart_17/org/jfree/data/time/TimeSeries.java","STANDARD_GA",20260918,60,2048,78,52,"PASS",92.36,89.47,"ok",""
"Chart",18,"ok","org.jfree.data.DefaultKeyedValues","Resoucre/Chart_18/org/jfree/data/DefaultKeyedValues.java","STANDARD_GA",20260918,60,2048,68,23,"PASS",100.00,98.41,"ok",""
"Chart",18,"ok","org.jfree.data.DefaultKeyedValues2D","Resoucre/Chart_18/org/jfree/data/DefaultKeyedValues2D.java","STANDARD_GA",20260918,60,2048,68,26,"PASS",98.61,96.55,"ok",""
"Chart",19,"ok","org.jfree.chart.plot.CategoryPlot","Resoucre/Chart_19/org/jfree/chart/plot/CategoryPlot.java","STANDARD_GA",20260918,60,2048,118,140,"PASS",71.30,61.72,"ok",""
"Chart",20,"ok","org.jfree.chart.plot.ValueMarker","Resoucre/Chart_20/org/jfree/chart/plot/ValueMarker.java","STANDARD_GA",20260918,60,2048,68,5,"PASS",95.45,92.31,"ok",""
"Chart",21,"ok","org.jfree.data.statistics.DefaultBoxAndWhiskerCategoryDataset","Resoucre/Chart_21/org/jfree/data/statistics/DefaultBoxAndWhiskerCategoryDataset.java","STANDARD_GA",20260918,60,2048,73,45,"PASS",96.27,79.49,"ok",""
"Chart",22,"ok","org.jfree.data.KeyedObjects2D","Resoucre/Chart_22/org/jfree/data/KeyedObjects2D.java","STANDARD_GA",20260918,60,2048,67,17,"PASS",96.77,91.67,"ok",""
"Chart",23,"ok","org.jfree.chart.renderer.category.MinMaxCategoryRenderer","Resoucre/Chart_23/org/jfree/chart/renderer/category/MinMaxCategoryRenderer.java","STANDARD_GA",20260918,60,2048,71,17,"PASS",41.55,38.10,"ok",""
"Chart",24,"ok","org.jfree.chart.renderer.GrayPaintScale","Resoucre/Chart_24/org/jfree/chart/renderer/GrayPaintScale.java","STANDARD_GA",20260918,60,2048,7,8,"PASS",100.00,100.00,"ok",""
"Chart",25,"ok","org.jfree.chart.renderer.category.StatisticalBarRenderer","Resoucre/Chart_25/org/jfree/chart/renderer/category/StatisticalBarRenderer.java","STANDARD_GA",20260918,60,2048,75,12,"PASS",25.29,21.35,"ok",""
"Chart",26,"ok","org.jfree.chart.axis.Axis","Resoucre/Chart_26/org/jfree/chart/axis/Axis.java","STANDARD_GA",20260918,60,2048,87,56,"PASS",82.65,80.12,"ok",""
"Cli",1,"ok","org.apache.commons.cli.CommandLine","Resoucre/Cli_1/org/apache/commons/cli/CommandLine.java","STANDARD_GA",20260918,60,2048,8,16,"PASS",100.00,100.00,"ok",""
"Cli",2,"ok","org.apache.commons.cli.PosixParser","Resoucre/Cli_2/org/apache/commons/cli/PosixParser.java","STANDARD_GA",20260918,60,2048,66,8,"PASS",97.06,93.33,"ok",""
"Cli",3,"failed","org.apache.commons.cli.TypeHandler","Resoucre/Cli_3/org/apache/commons/cli/TypeHandler.java","STANDARD_GA",20260918,60,2048,65,6,"FAIL",76.36,82.14,"test_failed","19:52:32.973 [Time-limited test] INFO org.evosuite.runtime.instrumentation.EvoClassLoader - Error while loading class: java.lang.ClassNotFoundException: Class '91(GR:DpD4/rI.class' should be in target project, but could not be found!
Unable to find: 91(GR:DpD4.rI
E.19:52:32.975 [Time-limited test] INFO org.evosuite.runtime.instrumentation.EvoClassLoader - Seeing class for first time: F1$NFi,WI1
19:52:32.975 [Time-limited test] INFO org.evosuite.runtime.instrumentation.EvoClassLoader - Instrumenting class 'F1$NFi,WI1'.
19:52:32.975 [Time-limited test] INFO org.evosuite.runtime.instrumentation.EvoClassLoader - Error while loading class: java.lang.ClassNotFoundException: Class 'F1$NFi,WI1.class' should be in target project, but could not be found!
Unable to find: F1$NFi,WI1
.
Time: 0.68
There was 1 failure:
1) test3(org.apache.commons.cli.TypeHandler_ESTest)
java.lang.AssertionError: expected null, but was:<91(GR:DpD4.rI>
	at org.junit.Assert.fail(Assert.java:89)
	at org.junit.Assert.failNotNull(Assert.java:756)
	at org.junit.Assert.assertNull(Assert.java:738)
	at org.junit.Assert.assertNull(Assert.java:748)
	at org.apache.commons.cli.TypeHandler_ESTest.test3(TypeHandler_ESTest.java:48)

FAILURES!!!
Tests run: 6,  Failures: 1"
"Cli",4,"ok","org.apache.commons.cli.Parser","Resoucre/Cli_4/org/apache/commons/cli/Parser.java","STANDARD_GA",20260918,60,2048,68,12,"PASS",63.64,56.94,"ok",""
"Cli",5,"ok","org.apache.commons.cli.Util","Resoucre/Cli_5/org/apache/commons/cli/Util.java","STANDARD_GA",20260918,60,2048,5,6,"PASS",100.00,100.00,"ok",""
"Cli",7,"ok","org.apache.commons.cli2.builder.PatternBuilder","Resoucre/Cli_7/org/apache/commons/cli2/builder/PatternBuilder.java","STANDARD_GA",20260918,60,2048,66,14,"PASS",98.53,85.03,"ok",""
"Cli",8,"ok","org.apache.commons.cli.HelpFormatter","Resoucre/Cli_8/org/apache/commons/cli/HelpFormatter.java","STANDARD_GA",20260918,60,2048,72,35,"PASS",100.00,94.81,"ok",""
"Cli",9,"ok","org.apache.commons.cli.Parser","Resoucre/Cli_9/org/apache/commons/cli/Parser.java","STANDARD_GA",20260918,60,2048,69,17,"PASS",86.67,79.22,"ok",""
"Cli",10,"ok","org.apache.commons.cli.Parser","Resoucre/Cli_10/org/apache/commons/cli/Parser.java","STANDARD_GA",20260918,60,2048,68,13,"PASS",86.79,79.22,"ok",""
"Cli",11,"ok","org.apache.commons.cli.HelpFormatter","Resoucre/Cli_11/org/apache/commons/cli/HelpFormatter.java","STANDARD_GA",20260918,60,2048,85,35,"PASS",98.99,92.03,"ok",""
"Cli",12,"ok","org.apache.commons.cli.GnuParser","Resoucre/Cli_12/org/apache/commons/cli/GnuParser.java","STANDARD_GA",20260918,60,2048,10,4,"PASS",100.00,100.00,"ok",""
"Cli",13,"ok","org.apache.commons.cli2.commandline.WriteableCommandLineImpl","Resoucre/Cli_13/org/apache/commons/cli2/commandline/WriteableCommandLineImpl.java","STANDARD_GA",20260918,60,2048,67,25,"PASS",100.00,96.30,"ok",""
"Cli",13,"ok","org.apache.commons.cli2.option.ArgumentImpl","Resoucre/Cli_13/org/apache/commons/cli2/option/ArgumentImpl.java","STANDARD_GA",20260918,60,2048,82,24,"PASS",92.24,96.04,"ok",""
"Cli",13,"ok","org.apache.commons.cli2.WriteableCommandLine","Resoucre/Cli_13/org/apache/commons/cli2/WriteableCommandLine.java","STANDARD_GA",20260918,60,2048,2,1,"PASS",100.00,100.00,"ok",""
"Cli",14,"ok","org.apache.commons.cli2.option.GroupImpl","Resoucre/Cli_14/org/apache/commons/cli2/option/GroupImpl.java","STANDARD_GA",20260918,60,2048,73,25,"PASS",75.66,76.43,"ok",""
"Cli",15,"ok","org.apache.commons.cli2.commandline.WriteableCommandLineImpl","Resoucre/Cli_15/org/apache/commons/cli2/commandline/WriteableCommandLineImpl.java","STANDARD_GA",20260918,60,2048,68,27,"PASS",100.00,96.77,"ok",""
"Cli",16,"ok","org.apache.commons.cli2.commandline.WriteableCommandLineImpl","Resoucre/Cli_16/org/apache/commons/cli2/commandline/WriteableCommandLineImpl.java","STANDARD_GA",20260918,60,2048,68,31,"PASS",100.00,97.22,"ok",""
"Cli",16,"ok","org.apache.commons.cli2.Option","Resoucre/Cli_16/org/apache/commons/cli2/Option.java","STANDARD_GA",20260918,60,2048,1,1,"PASS",100.00,100.00,"ok",""
"Cli",16,"ok","org.apache.commons.cli2.option.GroupImpl","Resoucre/Cli_16/org/apache/commons/cli2/option/GroupImpl.java","STANDARD_GA",20260918,60,2048,72,27,"PASS",78.31,78.98,"ok",""
"Cli",16,"ok","org.apache.commons.cli2.option.OptionImpl","Resoucre/Cli_16/org/apache/commons/cli2/option/OptionImpl.java","STANDARD_GA",20260918,60,2048,67,13,"PASS",98.21,88.89,"ok",""
"Cli",17,"ok","org.apache.commons.cli.PosixParser","Resoucre/Cli_17/org/apache/commons/cli/PosixParser.java","STANDARD_GA",20260918,60,2048,66,8,"PASS",95.52,91.11,"ok",""
"Cli",18,"ok","org.apache.commons.cli.PosixParser","Resoucre/Cli_18/org/apache/commons/cli/PosixParser.java","STANDARD_GA",20260918,60,2048,66,10,"PASS",96.97,93.33,"ok",""
"Cli",19,"ok","org.apache.commons.cli.PosixParser","Resoucre/Cli_19/org/apache/commons/cli/PosixParser.java","STANDARD_GA",20260918,60,2048,66,8,"PASS",96.92,93.18,"ok",""
"Cli",20,"ok","org.apache.commons.cli.PosixParser","Resoucre/Cli_20/org/apache/commons/cli/PosixParser.java","STANDARD_GA",20260918,60,2048,65,9,"PASS",93.75,88.64,"ok",""
"Cli",21,"ok","org.apache.commons.cli2.commandline.WriteableCommandLineImpl","Resoucre/Cli_21/org/apache/commons/cli2/commandline/WriteableCommandLineImpl.java","STANDARD_GA",20260918,60,2048,70,30,"PASS",100.00,97.44,"ok",""
"Cli",21,"ok","org.apache.commons.cli2.option.GroupImpl","Resoucre/Cli_21/org/apache/commons/cli2/option/GroupImpl.java","STANDARD_GA",20260918,60,2048,73,24,"PASS",80.73,81.48,"ok",""
"Cli",21,"ok","org.apache.commons.cli2.WriteableCommandLine","Resoucre/Cli_21/org/apache/commons/cli2/WriteableCommandLine.java","STANDARD_GA",20260918,60,2048,1,1,"PASS",100.00,100.00,"ok",""
"Cli",22,"ok","org.apache.commons.cli.PosixParser","Resoucre/Cli_22/org/apache/commons/cli/PosixParser.java","STANDARD_GA",20260918,60,2048,66,9,"PASS",98.25,92.68,"ok",""
"Cli",23,"ok","org.apache.commons.cli.HelpFormatter","Resoucre/Cli_23/org/apache/commons/cli/HelpFormatter.java","STANDARD_GA",20260918,60,2048,72,37,"PASS",99.49,93.57,"ok",""
"Cli",24,"ok","org.apache.commons.cli.HelpFormatter","Resoucre/Cli_24/org/apache/commons/cli/HelpFormatter.java","STANDARD_GA",20260918,60,2048,75,38,"PASS",98.99,90.28,"ok",""
"Cli",25,"ok","org.apache.commons.cli.HelpFormatter","Resoucre/Cli_25/org/apache/commons/cli/HelpFormatter.java","STANDARD_GA",20260918,60,2048,73,36,"PASS",99.49,91.67,"ok",""
"Cli",26,"ok","org.apache.commons.cli.OptionBuilder","Resoucre/Cli_26/org/apache/commons/cli/OptionBuilder.java","STANDARD_GA",20260918,60,2048,66,17,"PASS",96.61,100.00,"ok",""
"Cli",27,"ok","org.apache.commons.cli.OptionGroup","Resoucre/Cli_27/org/apache/commons/cli/OptionGroup.java","STANDARD_GA",20260918,60,2048,6,7,"PASS",100.00,100.00,"ok",""
"Cli",28,"ok","org.apache.commons.cli.Parser","Resoucre/Cli_28/org/apache/commons/cli/Parser.java","STANDARD_GA",20260918,60,2048,68,14,"PASS",88.12,77.92,"ok",""
"Cli",29,"ok","org.apache.commons.cli.Util","Resoucre/Cli_29/org/apache/commons/cli/Util.java","STANDARD_GA",20260918,60,2048,5,7,"PASS",100.00,100.00,"ok",""
"Cli",30,"ok","org.apache.commons.cli.DefaultParser","Resoucre/Cli_30/org/apache/commons/cli/DefaultParser.java","STANDARD_GA",20260918,60,2048,67,13,"PASS",55.98,41.21,"ok",""
"Cli",30,"ok","org.apache.commons.cli.Parser","Resoucre/Cli_30/org/apache/commons/cli/Parser.java","STANDARD_GA",20260918,60,2048,70,16,"PASS",84.62,75.32,"ok",""
"Cli",31,"ok","org.apache.commons.cli.HelpFormatter","Resoucre/Cli_31/org/apache/commons/cli/HelpFormatter.java","STANDARD_GA",20260918,60,2048,84,38,"PASS",100.00,93.51,"ok",""
"Cli",31,"ok","org.apache.commons.cli.Option","Resoucre/Cli_31/org/apache/commons/cli/Option.java","STANDARD_GA",20260918,60,2048,70,51,"PASS",98.28,99.11,"ok",""
"Cli",31,"ok","org.apache.commons.cli.OptionBuilder","Resoucre/Cli_31/org/apache/commons/cli/OptionBuilder.java","STANDARD_GA",20260918,60,2048,65,17,"PASS",96.72,100.00,"ok",""
"Cli",32,"ok","org.apache.commons.cli.HelpFormatter","Resoucre/Cli_32/org/apache/commons/cli/HelpFormatter.java","STANDARD_GA",20260918,60,2048,88,39,"PASS",100.00,94.27,"ok",""
"Cli",33,"ok","org.apache.commons.cli.HelpFormatter","Resoucre/Cli_33/org/apache/commons/cli/HelpFormatter.java","STANDARD_GA",20260918,60,2048,95,40,"PASS",99.50,94.63,"ok",""
"Cli",34,"ok","org.apache.commons.cli.Option","Resoucre/Cli_34/org/apache/commons/cli/Option.java","STANDARD_GA",20260918,60,2048,70,51,"PASS",98.26,99.11,"ok",""
"Cli",34,"ok","org.apache.commons.cli.OptionBuilder","Resoucre/Cli_34/org/apache/commons/cli/OptionBuilder.java","STANDARD_GA",20260918,60,2048,66,18,"PASS",96.72,100.00,"ok",""
"Cli",35,"ok","org.apache.commons.cli.Options","Resoucre/Cli_35/org/apache/commons/cli/Options.java","STANDARD_GA",20260918,60,2048,9,19,"PASS",100.00,100.00,"ok",""
"Cli",36,"ok","org.apache.commons.cli.OptionGroup","Resoucre/Cli_36/org/apache/commons/cli/OptionGroup.java","STANDARD_GA",20260918,60,2048,7,8,"PASS",100.00,100.00,"ok",""
"Cli",36,"ok","org.apache.commons.cli.Options","Resoucre/Cli_36/org/apache/commons/cli/Options.java","STANDARD_GA",20260918,60,2048,9,20,"PASS",100.00,100.00,"ok",""
"Cli",37,"ok","org.apache.commons.cli.DefaultParser","Resoucre/Cli_37/org/apache/commons/cli/DefaultParser.java","STANDARD_GA",20260918,60,2048,69,17,"PASS",64.71,49.13,"ok",""
"Cli",38,"ok","org.apache.commons.cli.DefaultParser","Resoucre/Cli_38/org/apache/commons/cli/DefaultParser.java","STANDARD_GA",20260918,60,2048,69,15,"PASS",68.59,56.65,"ok",""
"Cli",39,"ok","org.apache.commons.cli.TypeHandler","Resoucre/Cli_39/org/apache/commons/cli/TypeHandler.java","STANDARD_GA",20260918,60,2048,12,13,"PASS",100.00,100.00,"ok",""
"Cli",40,"ok","org.apache.commons.cli.TypeHandler","Resoucre/Cli_40/org/apache/commons/cli/TypeHandler.java","STANDARD_GA",20260918,60,2048,65,12,"PASS",82.22,72.41,"ok",""
"Codec",1,"ok","org.apache.commons.codec.language.Caverphone","Resoucre/Codec_1/org/apache/commons/codec/language/Caverphone.java","STANDARD_GA",20260918,60,2048,5,5,"PASS",100.00,100.00,"ok",""
"Codec",1,"ok","org.apache.commons.codec.language.DoubleMetaphone","Resoucre/Codec_1/org/apache/commons/codec/language/DoubleMetaphone.java","STANDARD_GA",20260918,60,2048,84,75,"PASS",89.29,81.35,"ok",""
"Codec",1,"ok","org.apache.commons.codec.language.Metaphone","Resoucre/Codec_1/org/apache/commons/codec/language/Metaphone.java","STANDARD_GA",20260918,60,2048,70,32,"PASS",97.59,96.21,"ok",""
"Codec",1,"ok","org.apache.commons.codec.language.SoundexUtils","Resoucre/Codec_1/org/apache/commons/codec/language/SoundexUtils.java","STANDARD_GA",20260918,60,2048,5,6,"PASS",100.00,100.00,"ok",""
"Codec",2,"ok","org.apache.commons.codec.binary.Base64","Resoucre/Codec_2/org/apache/commons/codec/binary/Base64.java","STANDARD_GA",20260918,60,2048,71,40,"PASS",97.14,93.85,"ok",""
"Codec",3,"ok","org.apache.commons.codec.language.DoubleMetaphone","Resoucre/Codec_3/org/apache/commons/codec/language/DoubleMetaphone.java","STANDARD_GA",20260918,60,2048,82,76,"PASS",89.09,80.36,"ok",""
"Codec",4,"ok","org.apache.commons.codec.binary.Base64","Resoucre/Codec_4/org/apache/commons/codec/binary/Base64.java","STANDARD_GA",20260918,60,2048,69,15,"PASS",63.44,51.78,"ok",""
"Codec",5,"ok","org.apache.commons.codec.binary.Base64","Resoucre/Codec_5/org/apache/commons/codec/binary/Base64.java","STANDARD_GA",20260918,60,2048,72,43,"PASS",100.00,97.97,"ok",""
"Codec",6,"ok","org.apache.commons.codec.binary.Base64InputStream","Resoucre/Codec_6/org/apache/commons/codec/binary/Base64InputStream.java","STANDARD_GA",20260918,60,2048,67,10,"PASS",100.00,93.75,"ok",""
"Codec",7,"ok","org.apache.commons.codec.binary.Base64","Resoucre/Codec_7/org/apache/commons/codec/binary/Base64.java","STANDARD_GA",20260918,60,2048,73,43,"PASS",100.00,96.52,"ok",""
"Codec",8,"ok","org.apache.commons.codec.binary.Base64","Resoucre/Codec_8/org/apache/commons/codec/binary/Base64.java","STANDARD_GA",20260918,60,2048,72,42,"PASS",99.09,94.87,"ok",""
"Codec",8,"ok","org.apache.commons.codec.binary.Base64InputStream","Resoucre/Codec_8/org/apache/commons/codec/binary/Base64InputStream.java","STANDARD_GA",20260918,60,2048,68,11,"PASS",97.44,94.12,"ok",""
"Codec",9,"ok","org.apache.commons.codec.binary.Base64","Resoucre/Codec_9/org/apache/commons/codec/binary/Base64.java","STANDARD_GA",20260918,60,2048,71,38,"PASS",98.15,93.78,"ok",""
"Codec",10,"ok","org.apache.commons.codec.language.Caverphone","Resoucre/Codec_10/org/apache/commons/codec/language/Caverphone.java","STANDARD_GA",20260918,60,2048,4,5,"PASS",100.00,100.00,"ok",""
"Codec",11,"ok","org.apache.commons.codec.net.QuotedPrintableCodec","Resoucre/Codec_11/org/apache/commons/codec/net/QuotedPrintableCodec.java","STANDARD_GA",20260918,60,2048,65,17,"PASS",97.26,95.24,"ok",""
"Codec",12,"ok","org.apache.commons.codec.binary.BaseNCodecInputStream","Resoucre/Codec_12/org/apache/commons/codec/binary/BaseNCodecInputStream.java","STANDARD_GA",20260918,60,2048,72,9,"PASS",96.77,89.29,"ok",""
"Codec",13,"ok","org.apache.commons.codec.binary.StringUtils","Resoucre/Codec_13/org/apache/commons/codec/binary/StringUtils.java","STANDARD_GA",20260918,60,2048,5,16,"PASS",100.00,100.00,"ok",""
"Codec",13,"ok","org.apache.commons.codec.language.DoubleMetaphone","Resoucre/Codec_13/org/apache/commons/codec/language/DoubleMetaphone.java","STANDARD_GA",20260918,60,2048,83,74,"PASS",89.76,80.92,"ok",""
"Codec",14,"failed","org.apache.commons.codec.language.bm.Lang","Resoucre/Codec_14/org/apache/commons/codec/language/bm/Lang.java","STANDARD_GA",20260918,60,2048,1,1,"FAIL","","","test_failed","java.lang.IllegalArgumentException: Could not find class [org.apache.commons.codec.language.bm.Lang_ESTest]
	at org.junit.runner.JUnitCommandLineParseResult.parseParameters(JUnitCommandLineParseResult.java:100)
	at org.junit.runner.JUnitCommandLineParseResult.parseArgs(JUnitCommandLineParseResult.java:50)
	at org.junit.runner.JUnitCommandLineParseResult.parse(JUnitCommandLineParseResult.java:44)
	at org.junit.runner.JUnitCore.runMain(JUnitCore.java:72)
	at org.junit.runner.JUnitCore.main(JUnitCore.java:36)
Caused by: java.lang.ClassNotFoundException: org.apache.commons.codec.language.bm.Lang_ESTest
	at java.base/jdk.internal.loader.BuiltinClassLoader.loadClass(BuiltinClassLoader.java:581)
	at java.base/jdk.internal.loader.ClassLoaders$AppClassLoader.loadClass(ClassLoaders.java:178)
	at java.base/java.lang.ClassLoader.loadClass(ClassLoader.java:527)
	at java.base/java.lang.Class.forName0(Native Method)
	at java.base/java.lang.Class.forName(Class.java:398)
	at org.junit.internal.Classes.getClass(Classes.java:42)
	at org.junit.internal.Classes.getClass(Classes.java:27)
	at org.junit.runner.JUnitCommandLineParseResult.parseParameters(JUnitCommandLineParseResult.java:98)
	... 4 more

FAILURES!!!
Tests run: 1,  Failures: 1"
"Codec",14,"failed","org.apache.commons.codec.language.bm.PhoneticEngine","Resoucre/Codec_14/org/apache/commons/codec/language/bm/PhoneticEngine.java","STANDARD_GA",20260918,60,2048,65,7,"PASS",19.62,16.67,"ok",""
"Codec",14,"failed","org.apache.commons.codec.language.bm.Rule","Resoucre/Codec_14/org/apache/commons/codec/language/bm/Rule.java","STANDARD_GA",20260918,60,2048,1,1,"FAIL","","","test_failed","java.lang.IllegalArgumentException: Could not find class [org.apache.commons.codec.language.bm.Rule_ESTest]
	at org.junit.runner.JUnitCommandLineParseResult.parseParameters(JUnitCommandLineParseResult.java:100)
	at org.junit.runner.JUnitCommandLineParseResult.parseArgs(JUnitCommandLineParseResult.java:50)
	at org.junit.runner.JUnitCommandLineParseResult.parse(JUnitCommandLineParseResult.java:44)
	at org.junit.runner.JUnitCore.runMain(JUnitCore.java:72)
	at org.junit.runner.JUnitCore.main(JUnitCore.java:36)
Caused by: java.lang.ClassNotFoundException: org.apache.commons.codec.language.bm.Rule_ESTest
	at java.base/jdk.internal.loader.BuiltinClassLoader.loadClass(BuiltinClassLoader.java:581)
	at java.base/jdk.internal.loader.ClassLoaders$AppClassLoader.loadClass(ClassLoaders.java:178)
	at java.base/java.lang.ClassLoader.loadClass(ClassLoader.java:527)
	at java.base/java.lang.Class.forName0(Native Method)
	at java.base/java.lang.Class.forName(Class.java:398)
	at org.junit.internal.Classes.getClass(Classes.java:42)
	at org.junit.internal.Classes.getClass(Classes.java:27)
	at org.junit.runner.JUnitCommandLineParseResult.parseParameters(JUnitCommandLineParseResult.java:98)
	... 4 more

FAILURES!!!
Tests run: 1,  Failures: 1"
"Codec",15,"ok","org.apache.commons.codec.language.Soundex","Resoucre/Codec_15/org/apache/commons/codec/language/Soundex.java","STANDARD_GA",20260918,60,2048,66,9,"PASS",100.00,97.62,"ok",""
"Codec",16,"ok","org.apache.commons.codec.binary.Base32","Resoucre/Codec_16/org/apache/commons/codec/binary/Base32.java","STANDARD_GA",20260918,60,2048,15,19,"PASS",100.00,100.00,"ok",""
"Codec",17,"ok","org.apache.commons.codec.binary.StringUtils","Resoucre/Codec_17/org/apache/commons/codec/binary/StringUtils.java","STANDARD_GA",20260918,60,2048,7,23,"PASS",100.00,100.00,"ok",""
"Codec",18,"ok","org.apache.commons.codec.binary.StringUtils","Resoucre/Codec_18/org/apache/commons/codec/binary/StringUtils.java","STANDARD_GA",20260918,60,2048,6,22,"PASS",100.00,100.00,"ok",""
